featureid	rab.all	rab.win.1.negative	rab.win.4.severe	diff.btw	diff.win	effect	overlap	we.ep	we.eBH	wi.ep	wi.eBH
#q2:types	numeric	numeric	numeric	numeric	numeric	numeric	numeric	numeric	numeric	numeric	numeric
k__Bacteria;p__Acidobacteria;c__Acidobacteria-6;o__iii1-15;f__	-1.60699125843659	-1.84645615745033	-1.22179642155296	0.68748628840487	4.20264718992974	0.132871741094322	0.443359379559906	0.4383332023263	0.565900742946264	0.409547174693554	0.537420710982889
k__Bacteria;p__Actinobacteria;c__Acidimicrobiia;o__Acidimicrobiales;f__	-1.57314939847782	-1.80331960462646	-1.2325273522445	0.647843951538865	4.30894320131708	0.134365211629969	0.439453129883441	0.460810309971284	0.583299537793182	0.473198080835756	0.586788003985681
k__Bacteria;p__Actinobacteria;c__Acidimicrobiia;o__Acidimicrobiales;f__Microthrixaceae	-1.64315006551748	-1.83388311005205	-1.24404550593101	0.596884386577488	4.4541790220185	0.121220100737779	0.436523442627299	0.458689426139646	0.58516275779892	0.434820399954048	0.559840989476811
k__Bacteria;p__Actinobacteria;c__Actinobacteria;o__Actinomycetales;f__	-0.453766143863945	-0.804866057056175	0.0261806618368965	0.834368576464283	6.46076989114073	0.118677221872243	0.440429692302389	0.555290972052287	0.684976834277751	0.529818582493709	0.659002458723264
k__Bacteria;p__Actinobacteria;c__Actinobacteria;o__Actinomycetales;f__Actinomycetaceae	7.24071742010499	8.92518963291981	-0.131997891770306	-8.60272707615761	5.32460404657178	-1.39631472920447	0.109375079671783	2.0873006536524e-05	0.000139619596396821	9.58448899196785e-06	6.90994193343503e-05
k__Bacteria;p__Actinobacteria;c__Actinobacteria;o__Actinomycetales;f__Brevibacteriaceae	-1.47325209254044	-1.67839744519404	-1.16726147857671	0.587606645031662	4.48966550586417	0.121120409401582	0.442382817140624	0.471072425923701	0.601423819479287	0.461103017355761	0.584013369977612
k__Bacteria;p__Actinobacteria;c__Actinobacteria;o__Actinomycetales;f__Corynebacteriaceae	6.68206890804254	3.64533745439459	9.69668414766696	6.28242720405969	7.8003451081507	0.752326858840932	0.20585369421577	0.00161663045588171	0.0062234085430927	0.00163922588619502	0.00675171682490855
k__Bacteria;p__Actinobacteria;c__Actinobacteria;o__Actinomycetales;f__Dermacoccaceae	-1.61239870980345	-1.87042010771059	-1.18349697197464	0.665157250716238	4.32018468953185	0.143455088197273	0.427734380865684	0.45555051019875	0.587916215143062	0.442746969252009	0.566854533778482
k__Bacteria;p__Actinobacteria;c__Actinobacteria;o__Actinomycetales;f__Dietziaceae	-1.61532782346163	-2.08095322776761	-0.780767411923796	1.39835163302903	4.36051555862447	0.28752319228892	0.345703138553069	0.318261855510066	0.423495386447604	0.296689533756086	0.399080084992983
k__Bacteria;p__Actinobacteria;c__Actinobacteria;o__Actinomycetales;f__Geodermatophilaceae	-1.47265904554275	-1.74880408390953	-0.901452879118608	0.977284637371249	4.42679144413302	0.194362019432146	0.403320320481832	0.422390124806895	0.53857011487729	0.429848670403209	0.54017884930079
k__Bacteria;p__Actinobacteria;c__Actinobacteria;o__Actinomycetales;f__Gordoniaceae	-1.55840152095847	-1.77574476112866	-1.1929784417766	0.610547021037052	4.35880273656301	0.130531389548366	0.437073175803256	0.453369208173946	0.590705166390338	0.470579675925827	0.600535449199455
k__Bacteria;p__Actinobacteria;c__Actinobacteria;o__Actinomycetales;f__Intrasporangiaceae	-1.38965877377331	-1.66211230617474	-0.955831239889111	0.616152831972543	4.56114350297635	0.109012909626393	0.440975614503948	0.497062110540568	0.608673645415984	0.451321973687263	0.570806654395672
k__Bacteria;p__Actinobacteria;c__Actinobacteria;o__Actinomycetales;f__Kineosporiaceae	-1.59692222772083	-1.9785942248629	-0.952221651746893	1.07347622858575	4.48435915462233	0.211222879686265	0.395507821183539	0.386873599514686	0.504296316976731	0.333327890758566	0.446723094006721
k__Bacteria;p__Actinobacteria;c__Actinobacteria;o__Actinomycetales;f__Microbacteriaceae	-0.642468634512808	-1.25009909658115	0.785946578896483	2.14788131074495	5.79563813693419	0.326254928131706	0.353170744452589	0.207055704063806	0.32321554323706	0.165705577173057	0.277901121916857
k__Bacteria;p__Actinobacteria;c__Actinobacteria;o__Actinomycetales;f__Micrococcaceae	6.98978137008137	8.3871088031675	0.120842835491574	-8.1091191473192	5.1632135409305	-1.31681334018811	0.101562586755334	2.26676822457878e-05	0.000146325032216205	4.79704873874707e-06	3.93786805777509e-05
k__Bacteria;p__Actinobacteria;c__Actinobacteria;o__Actinomycetales;f__Micromonosporaceae	-1.62680232963589	-1.78031267349247	-1.34525157188947	0.492961679312749	4.21337610657819	0.10144987460749	0.446289066818392	0.45951561264088	0.585870758842689	0.459217446604558	0.584653122508081
k__Bacteria;p__Actinobacteria;c__Actinobacteria;o__Actinomycetales;f__Nocardiaceae	-1.59712461121547	-1.98741060216331	-0.889837336180774	0.974897763833505	4.26239412172794	0.185818485394405	0.394531258772216	0.317383351138045	0.443615728985499	0.302142261917386	0.425093913840993
k__Bacteria;p__Actinobacteria;c__Actinobacteria;o__Actinomycetales;f__Nocardioidaceae	-1.33554480154606	-1.76754795606268	-0.585858413843498	1.28388654284633	4.78144532293617	0.23990993907939	0.371707327966224	0.341450569891921	0.45282175177686	0.311858391821546	0.421954108222607
k__Bacteria;p__Actinobacteria;c__Actinobacteria;o__Actinomycetales;f__Promicromonosporaceae	-1.55112956190829	-1.73744037242276	-1.26900306169525	0.465619802549644	4.48540337078055	0.082739456866913	0.452682930616271	0.485489694516784	0.619215540199943	0.509818940187873	0.629807017059561
k__Bacteria;p__Actinobacteria;c__Actinobacteria;o__Actinomycetales;f__Propionibacteriaceae	0.588284999963061	-0.50155530348749	3.19816565367839	3.0567529688179	7.98638269738638	0.354829298352098	0.348292696180019	0.127778411297274	0.245034910117825	0.12637872079026	0.243182812100238
k__Bacteria;p__Actinobacteria;c__Actinobacteria;o__Actinomycetales;f__Pseudonocardiaceae	-1.52961128033321	-1.89854472485754	-0.987761558214862	0.881473361765304	4.66902259205167	0.157959522618541	0.420487811348411	0.406925611032672	0.520597109253741	0.40079667527631	0.508259543374389
k__Bacteria;p__Actinobacteria;c__Actinobacteria;o__Actinomycetales;f__Sporichthyaceae	-1.44223649839515	-1.77168401264503	-0.946060846869127	0.844466186835231	4.56185421363989	0.178898260595462	0.412682933972931	0.366949160248707	0.498557078017374	0.405192706010027	0.524678377675429
k__Bacteria;p__Actinobacteria;c__Actinobacteria;o__Actinomycetales;f__Streptomycetaceae	-1.62275134742658	-1.75178898412454	-1.3705379796537	0.546126236385867	4.37492718784213	0.109943562287619	0.453125003758321	0.471623317475118	0.601374557929627	0.463228355195751	0.588540227845638
k__Bacteria;p__Actinobacteria;c__Actinobacteria;o__Actinomycetales;f__Williamsiaceae	-1.54488433200579	-1.75062791354221	-1.13351153532302	0.614955547176976	4.21258589803247	0.124154450478434	0.44585366288232	0.466214944317195	0.585715696035116	0.461011024817675	0.57588075875392
k__Bacteria;p__Actinobacteria;c__Actinobacteria;o__Bifidobacteriales;f__Bifidobacteriaceae	-0.315596574183684	-0.331188763261901	-0.286946724178367	0.470557364257732	7.25981706031674	0.0599466277733751	0.466796877650434	0.619829763385598	0.743615030121821	0.65627525533273	0.770218033711607
k__Bacteria;p__Actinobacteria;c__Coriobacteriia;o__Coriobacteriales;f__Coriobacteriaceae	4.05218821176006	7.23093666519469	-0.148709634972078	-6.57287090412247	5.7910193986013	-0.936794686967253	0.165853706430441	0.000776066851043277	0.00342666973037586	0.00018399989841198	0.000915299794386979
k__Bacteria;p__Actinobacteria;c__Rubrobacteria;o__Rubrobacterales;f__Rubrobacteraceae	-1.59293342171752	-1.784362492409	-1.22730910972381	0.62277002279836	4.32719040420095	0.124323447290222	0.446289066818392	0.45969250462831	0.589410882420406	0.466614797803256	0.591083332803341
k__Bacteria;p__Actinobacteria;c__Thermoleophilia;o__Gaiellales;f__Gaiellaceae	-1.57985424217712	-1.78369051361639	-1.2791232233117	0.366424511744922	4.29662720608431	0.0803873345241393	0.457031253440255	0.487934451541904	0.612007544751067	0.470487676800193	0.594105253858857
k__Bacteria;p__Actinobacteria;c__Thermoleophilia;o__Solirubrobacterales;f__	-1.58377295774804	-1.75997800846516	-1.29857878846337	0.602840848754373	4.33235546005448	0.118344357702177	0.437073175803256	0.489731072623603	0.616755376084144	0.483924333908274	0.6051391086398
k__Bacteria;p__Actinobacteria;c__Thermoleophilia;o__Solirubrobacterales;f__Patulibacteraceae	-1.68312037360414	-2.08958478589127	-0.896573759604806	1.28042914949724	4.29424406127149	0.261497203184682	0.372682937627954	0.299903101339299	0.418351774980605	0.27818132112344	0.388839431003171
k__Bacteria;p__Actinobacteria;c__Thermoleophilia;o__Solirubrobacterales;f__Solirubrobacteraceae	-1.54613824039871	-1.69793316932005	-1.26630044368005	0.456001931603211	4.34260838558873	0.0863712406757058	0.458536588677415	0.488127654259459	0.615666324802909	0.504458274021847	0.6223035261984
k__Bacteria;p__Bacteroidetes;c__Bacteroidia;o__Bacteroidales;f__	1.0053356616615	2.8563007952282	-0.463837884112179	-3.65045632127405	5.42435680925127	-0.609557011687886	0.272195144753511	0.0293516018192072	0.0733490943541547	0.0238572476668858	0.0632653697780346
k__Bacteria;p__Bacteroidetes;c__Bacteroidia;o__Bacteroidales;f__Bacteroidaceae	-1.02973516121215	-1.10237044574176	-0.905335011125212	0.249670549181121	5.33825261342643	0.0377397574110324	0.481951220945653	0.538081579553289	0.679022748211533	0.510383610508443	0.642895771333309
k__Bacteria;p__Bacteroidetes;c__Bacteroidia;o__Bacteroidales;f__Porphyromonadaceae	8.10672543366188	9.76101832313709	-0.153214212894252	-9.65091437371802	4.98348455992034	-1.76894203638763	0.0507814351572542	1.7706580231747e-07	2.53429765771178e-06	9.05664087052252e-08	2.79803171229863e-06
k__Bacteria;p__Bacteroidetes;c__Bacteroidia;o__Bacteroidales;f__Prevotellaceae	11.1302986611821	13.006752653242	1.74321517699567	-10.1515721350911	5.67399180461952	-1.64579571483258	0.0927735336288211	1.84215352809429e-06	1.90160598088574e-05	2.27618363347529e-06	2.29550475326673e-05
k__Bacteria;p__Bacteroidetes;c__Bacteroidia;o__Bacteroidales;f__Rikenellaceae	-1.74282421203185	-1.89304397228544	-1.42402176647254	0.644213649126248	4.23425364854904	0.134367494221457	0.435121956453624	0.428351609453927	0.562726616025953	0.427865126691144	0.550373538746284
k__Bacteria;p__Bacteroidetes;c__Bacteroidia;o__Bacteroidales;f__[Odoribacteraceae]	-1.42687730370569	-1.65136512753092	-1.0491681423062	0.541488783357891	4.76855393523693	0.0984096709074924	0.449756101586866	0.528942331527947	0.647950623219477	0.509933409465765	0.629198767986734
k__Bacteria;p__Bacteroidetes;c__Bacteroidia;o__Bacteroidales;f__[Paraprevotellaceae]	7.93348905361931	10.4943514212302	-0.215498803281402	-10.2080319593342	6.03251361365031	-1.5738175820707	0.0839844824396976	8.5569164919822e-07	7.72470367520692e-06	1.66456037346273e-06	1.75429620984285e-05
k__Bacteria;p__Bacteroidetes;c__Cytophagia;o__Cytophagales;f__Cytophagaceae	-1.42639117795799	-1.74088310811819	-0.850511416757721	0.904226382043463	4.43795820238779	0.181518149716993	0.40234375806882	0.360038603306087	0.479816362134557	0.35361618700599	0.470651340045181
k__Bacteria;p__Bacteroidetes;c__Flavobacteriia;o__Flavobacteriales;f__Flavobacteriaceae	4.61156366600302	7.26217709020047	-0.476724232257908	-7.94527633286658	4.93089935262828	-1.49156060161021	0.0712196407328868	1.85518456282383e-06	1.39422980545211e-05	7.22354688770048e-07	9.44806305150846e-06
k__Bacteria;p__Bacteroidetes;c__Flavobacteriia;o__Flavobacteriales;f__[Weeksellaceae]	6.00317321278333	4.62137390621245	12.7685788123025	7.61644710803928	5.14377002357208	1.4884965983337	0.0790245049419578	6.38224529013237e-08	1.63117238761504e-06	7.78255422585749e-07	1.13987176311113e-05
k__Bacteria;p__Bacteroidetes;c__Sphingobacteriia;o__Sphingobacteriales;f__Sphingobacteriaceae	-0.891541619479895	-1.51802963396677	0.392900730443995	2.15144576417037	5.1451850974237	0.381448033628098	0.33365855142121	0.189024062732019	0.29639978611531	0.140070465007975	0.234029173139135
k__Bacteria;p__Bacteroidetes;c__[Saprospirae];o__[Saprospirales];f__Chitinophagaceae	-1.46757441540169	-1.80896191156747	-0.92143786954987	0.804769929388688	4.21868547306883	0.161453962441761	0.416015631868254	0.382065008405016	0.51021937193709	0.358387061526188	0.485300414760286
k__Bacteria;p__Chlorobi;c__Ignavibacteria;o__Ignavibacteriales;f__	-0.489190930848729	-1.88672281962785	4.75939423211358	6.12003950587182	5.36988903384923	1.02176655742375	0.146484431177691	0.00271235198788043	0.0081957313385203	0.000515529613690099	0.00197269267923047
k__Bacteria;p__Chloroflexi;c__Ellin6529;o__;f__	-1.57935592575344	-1.88801327110865	-1.14949563349158	0.683359311531806	4.34531101372206	0.144423921427809	0.431640630536196	0.407152273989299	0.540360742268672	0.427461912001217	0.541749284823859
k__Bacteria;p__Cyanobacteria;c__;o__;f__	-1.60193304962461	-1.74877522000928	-1.32401101775104	0.433285522884669	4.3414077546734	0.087711542848068	0.452148441338052	0.467746350993785	0.59731395718125	0.476471418478729	0.602733817344508
k__Bacteria;p__Cyanobacteria;c__Chloroplast;o__;f__	-1.54514051979623	-1.9634392928535	-0.834033856668038	1.49719107976033	4.35107943188686	0.292328471915372	0.364257824146183	0.292248741149934	0.39805782116235	0.275217426944309	0.381992389670435
k__Bacteria;p__Cyanobacteria;c__Chloroplast;o__Stramenopiles;f__	-1.58602293719783	-2.00392847617267	-0.853311241153418	1.24047884363516	4.26158544441828	0.250599649371026	0.379882822630723	0.343086868522303	0.454804965963018	0.318227661938703	0.421248433678916
k__Bacteria;p__Cyanobacteria;c__Chloroplast;o__Streptophyta;f__	-0.263595061358539	-0.231308512001057	-0.314259134760708	-0.339695609030786	7.93514267445221	-0.0424455732453128	0.473170733841501	0.694229148396111	0.808305476326689	0.639157119421701	0.756851253525268
k__Bacteria;p__Cyanobacteria;c__Nostocophycideae;o__Nostocales;f__Nostocaceae	-1.60802085693146	-1.86288434823181	-1.1832905035975	0.389864452905197	4.42041231326387	0.0859920000160481	0.461914065544462	0.466613552028562	0.595718263352866	0.473289543813922	0.601011869116331
k__Bacteria;p__Cyanobacteria;c__Synechococcophycideae;o__Pseudanabaenales;f__Pseudanabaenaceae	-1.47730666941531	-1.78605400680698	-0.855265750529816	1.14810596458036	4.56738920373642	0.197700595398452	0.378536595604273	0.340203162995243	0.463194148789218	0.339976635413431	0.459380514232027
k__Bacteria;p__Firmicutes;c__Bacilli;o__Bacillales;f__	-1.5644589975171	-1.867617844662	-1.09263608305775	0.715218297007216	4.34349394097874	0.133657621474998	0.43261719295416	0.406086795083755	0.544948443375535	0.424572101828206	0.557207359216071
k__Bacteria;p__Firmicutes;c__Bacilli;o__Bacillales;f__Bacillaceae	3.82308193307302	-0.398754572666254	11.5735192724853	10.4704752667699	8.23471306658603	1.1447812999457	0.0995122837445558	1.28403513106939e-05	8.66322264939913e-05	6.33962092704815e-06	4.75680315591389e-05
k__Bacteria;p__Firmicutes;c__Bacilli;o__Bacillales;f__Listeriaceae	-1.45785975841806	-1.69311948615262	-1.06947826635738	0.753356544545656	5.06033997843856	0.12155823518227	0.427734380865684	0.442564225369874	0.583841643947841	0.431253068255892	0.549531363974428
k__Bacteria;p__Firmicutes;c__Bacilli;o__Bacillales;f__Paenibacillaceae	-1.46578694365977	-1.56532740819393	-1.27439551292101	0.220424036483029	4.68440861463222	0.0373540651855731	0.476562501866746	0.547597639628964	0.676411700897961	0.497437884300077	0.630066830025722
k__Bacteria;p__Firmicutes;c__Bacilli;o__Bacillales;f__Planococcaceae	1.59749017439066	5.57744932576691	-0.0259754546984237	-3.49207927144001	6.98293614525739	-0.486316544627482	0.302439042959391	0.0565263981049261	0.130638943760325	0.0417573922127581	0.104459385821709
k__Bacteria;p__Firmicutes;c__Bacilli;o__Bacillales;f__Staphylococcaceae	6.41651616207638	5.49636295865883	9.11450348427523	3.98661182497169	7.63390314575663	0.493400889672336	0.267578148562625	0.0253417944643604	0.0687518861243644	0.00802819090426876	0.0272612826481357
k__Bacteria;p__Firmicutes;c__Bacilli;o__Bacillales;f__[Exiguobacteraceae]	-1.63672888203989	-1.7753293810852	-1.31308703544028	0.452184589976939	4.33469011930214	0.0923194853766078	0.450195316497786	0.476068462290438	0.606855948193747	0.494618145281154	0.611397627504329
k__Bacteria;p__Firmicutes;c__Bacilli;o__Gemellales;f__	-1.6969854881658	-1.92462796549968	-1.351003009916	0.646265957729015	4.53765252863257	0.116194135088587	0.434570317790477	0.483055792101959	0.604867060989437	0.45178499161372	0.576200894383993
k__Bacteria;p__Firmicutes;c__Bacilli;o__Gemellales;f__Gemellaceae	5.14983380968113	6.64831471751448	-0.249713323809027	-6.42005728284123	5.06916506950329	-1.13656299014305	0.13671881115339	0.000162039103568112	0.000833349721752288	5.17252515439408e-05	0.000299079224919525
k__Bacteria;p__Firmicutes;c__Bacilli;o__Lactobacillales;f__	-1.42472784210837	-1.64102827240223	-1.12865214573844	0.670647665318986	5.17992070880628	0.100114221594913	0.434146346778993	0.480871328030729	0.605708368654764	0.472515820472063	0.59933232879454
k__Bacteria;p__Firmicutes;c__Bacilli;o__Lactobacillales;f__Aerococcaceae	3.77698594403757	3.7577179760526	3.87558129417254	2.23938772852923	8.35825422186279	0.229261083083843	0.415039069452839	0.3612830804842	0.527524942398667	0.427882172284005	0.592962735620041
k__Bacteria;p__Firmicutes;c__Bacilli;o__Lactobacillales;f__Carnobacteriaceae	6.7192075323808	8.46649306691634	-0.0709672492622921	-8.22232725939485	3.92617946424513	-1.89814745342814	0.0419514454981112	2.00759489350999e-06	1.56563841485146e-05	3.1606075004913e-08	1.58006022360239e-06
k__Bacteria;p__Firmicutes;c__Bacilli;o__Lactobacillales;f__Enterococcaceae	1.59892526563364	-0.852594985029377	11.6794988968921	11.372341370363	7.53141624959637	1.20414345293547	0.104492271476774	6.11414361482088e-05	0.000303226638398376	1.0514229375956e-05	7.40176965252914e-05
k__Bacteria;p__Firmicutes;c__Bacilli;o__Lactobacillales;f__Lactobacillaceae	8.30445915664565	8.92558572716891	3.14449190781567	-5.68644391139739	6.17567295048149	-0.81881922283102	0.173658581680224	0.0025170037551903	0.0102475434329285	0.000261283605283966	0.00128753069645166
k__Bacteria;p__Firmicutes;c__Bacilli;o__Lactobacillales;f__Leuconostocaceae	-1.20758711173987	-1.38764291477354	-0.860335281187277	0.584559364256667	5.27866069671889	0.100457131337088	0.442382817140624	0.525980569542076	0.658225492514837	0.470601179393724	0.598686841823326
k__Bacteria;p__Firmicutes;c__Bacilli;o__Lactobacillales;f__Streptococcaceae	11.4972890159888	11.9169314812782	8.66820974521522	-3.2777389589177	5.13992828444607	-0.564027559620314	0.234146370861576	0.0113741272357087	0.0382622826610282	0.00472131094386463	0.0173546514906355
k__Bacteria;p__Firmicutes;c__Bacilli;o__Turicibacterales;f__Turicibacteraceae	-1.71540117999355	-1.89848562933553	-1.32787152066657	0.600202958615968	4.26857434535228	0.118748259950649	0.433593755372255	0.430087318383376	0.556573562621798	0.42979423988995	0.555695045324315
k__Bacteria;p__Firmicutes;c__Clostridia;o__Clostridiales;f__	6.35391872025343	7.81056584401475	-0.14528416498806	-7.57758670034234	5.04953910326291	-1.15709917363028	0.137695373125035	0.000165335672639919	0.000852040541699451	5.60926099998225e-05	0.000318490993998858
k__Bacteria;p__Firmicutes;c__Clostridia;o__Clostridiales;f__Clostridiaceae	1.45798973742946	-1.01769849780663	10.1917314467773	10.7052946114824	7.02314479559641	1.21850512797875	0.108398518002246	0.00010836493056026	0.000462782879677049	1.46388248854097e-05	9.74326649881793e-05
k__Bacteria;p__Firmicutes;c__Clostridia;o__Clostridiales;f__Lachnospiraceae	8.13762404609898	9.24885983922601	0.116619028647523	-8.84590226885739	4.90889604937376	-1.54401265965839	0.0849610435685438	8.59386841836665e-06	6.5420312216128e-05	1.75807358833806e-06	1.86591450218338e-05
k__Bacteria;p__Firmicutes;c__Clostridia;o__Clostridiales;f__Peptococcaceae	-0.884190121497637	-0.401043171485628	-1.3937491246306	-1.69515931877996	5.71180636086835	-0.256403177362994	0.375000010596377	0.239355469120766	0.359852320778901	0.297403152843893	0.420480217380006
k__Bacteria;p__Firmicutes;c__Clostridia;o__Clostridiales;f__Peptostreptococcaceae	2.66827621828476	6.13759461590488	-0.490122348344492	-5.90140710646664	5.81430979479695	-0.847459980093185	0.193359414060944	0.00278667379296208	0.00935077095801596	0.00121710936756915	0.00481384930055776
k__Bacteria;p__Firmicutes;c__Clostridia;o__Clostridiales;f__Ruminococcaceae	-1.28986158371584	-1.66526884122249	-0.613006539357885	1.15847025564365	4.86409629110687	0.198770731968972	0.391219521252044	0.32835954830484	0.441306818135711	0.329227332933062	0.447253345940993
k__Bacteria;p__Firmicutes;c__Clostridia;o__Clostridiales;f__Veillonellaceae	10.8156652424629	11.9130457916681	6.92032585186633	-4.77675880520298	4.07483962464415	-0.994418007132806	0.168945359347048	0.000642498794584581	0.00289743705258466	0.000232885536194478	0.00116200038280842
k__Bacteria;p__Firmicutes;c__Clostridia;o__Clostridiales;f__[Acidaminobacteraceae]	-1.3549519207829	-1.4873477393323	-1.17511431245149	0.0768973787462226	4.61548433669457	0.0210020544342203	0.490234375776398	0.538959402444213	0.663524071907371	0.540471651572496	0.666516628161952
k__Bacteria;p__Firmicutes;c__Clostridia;o__Clostridiales;f__[Mogibacteriaceae]	3.90140161725783	6.4454006511797	-0.458418233795769	-6.63679996551263	4.28661148977841	-1.43187281068447	0.0897561971311749	1.92422813557216e-05	0.000115888498063312	3.15919710986822e-06	2.78695205644699e-05
k__Bacteria;p__Firmicutes;c__Clostridia;o__Clostridiales;f__[Tissierellaceae]	5.06297096723282	4.91073199143694	5.2516637820901	0.266275537269927	6.81442827521597	0.0319161534586672	0.480000001588899	0.571709392796775	0.707928126729581	0.715531966792609	0.823270900611214
k__Bacteria;p__Firmicutes;c__Erysipelotrichi;o__Erysipelotrichales;f__Erysipelotrichaceae	4.68666067169467	6.35205257807078	-0.529595242663793	-6.5426466458024	4.65180470276896	-1.18321228354972	0.132812563342298	0.000117670660442047	0.000614929321403238	3.3194236310636e-05	0.000203346506732821
k__Bacteria;p__Fusobacteria;c__Fusobacteriia;o__Fusobacteriales;f__Fusobacteriaceae	9.64936427592313	11.5664090217708	1.18428666637571	-9.88153472677177	5.50048824177179	-1.50404349392842	0.0771485555008244	2.08800460968305e-06	1.67188836284236e-05	3.0873732254431e-07	6.38202059750167e-06
k__Bacteria;p__Fusobacteria;c__Fusobacteriia;o__Fusobacteriales;f__Leptotrichiaceae	6.76729114042757	8.88140691621425	-0.395954093447213	-9.12702216632701	4.92085751877752	-1.60669496314301	0.091707414269723	2.32071734129716e-06	2.13419695851689e-05	3.65384352875341e-06	3.21559607891241e-05
k__Bacteria;p__Gemmatimonadetes;c__Gemm-3;o__;f__	-1.60346917713081	-1.82134322153734	-1.18480896440213	0.579574804651106	4.26330445924532	0.136640557995794	0.433593755372255	0.489446226321271	0.615742715866787	0.459623564595406	0.583845834931871
k__Bacteria;p__Planctomycetes;c__Phycisphaerae;o__WD2101;f__	-1.57101564960074	-1.74883493961109	-1.21707707039133	0.724059258103093	4.28730466748524	0.148283213286678	0.421875006364191	0.440291083216372	0.566154333538208	0.451795626563338	0.560660641315971
k__Bacteria;p__Proteobacteria;c__Alphaproteobacteria;o__BD7-3;f__	-1.57849835263631	-1.99822005400991	-0.904763418332456	0.988453205387582	4.21694552667711	0.200633567836786	0.386341472921006	0.296718138467674	0.409202561761567	0.285247998314217	0.403316350139343
k__Bacteria;p__Proteobacteria;c__Alphaproteobacteria;o__Caulobacterales;f__Caulobacteraceae	-1.12466023911243	-1.46645981504808	-0.517905027541121	0.821908324671175	4.87969429612892	0.152130033916582	0.424390250039991	0.557337105019604	0.674406624029922	0.491676518695537	0.609876809391194
k__Bacteria;p__Proteobacteria;c__Alphaproteobacteria;o__Rhizobiales;f__	-1.0722694896426	-1.81719554529007	1.65192116249216	4.11784687808321	5.72775481294397	0.652700509937741	0.235351591717897	0.0315268530868962	0.0727652372835841	0.0251850100173423	0.0586239100830448
k__Bacteria;p__Proteobacteria;c__Alphaproteobacteria;o__Rhizobiales;f__Aurantimonadaceae	-1.60651147966701	-2.02039509046962	-0.786483081678039	1.10450264378965	4.36186855532451	0.242513528838224	0.386718759489904	0.308625505015176	0.433019208355113	0.281035463594576	0.397808040873723
k__Bacteria;p__Proteobacteria;c__Alphaproteobacteria;o__Rhizobiales;f__Beijerinckiaceae	-1.25245272978695	-1.48506882736352	-0.814102463450478	0.678472294369538	4.40567632689427	0.128529373094597	0.422851568780734	0.470520770327532	0.586590394085513	0.464106331155651	0.576750575309928
k__Bacteria;p__Proteobacteria;c__Alphaproteobacteria;o__Rhizobiales;f__Bradyrhizobiaceae	-1.40098928694527	-1.57728393585216	-1.07894290313607	0.494737372101579	4.36075538756695	0.0980224489262736	0.451707320939712	0.455013294295723	0.584757009002014	0.457926011796391	0.588334985121466
k__Bacteria;p__Proteobacteria;c__Alphaproteobacteria;o__Rhizobiales;f__Brucellaceae	-1.58041723474933	-2.12297863183234	-0.641647624645678	1.70279437053011	4.31230372210237	0.343490423807315	0.342773451366355	0.254767787378335	0.358851130862196	0.212793668373918	0.311010059425612
k__Bacteria;p__Proteobacteria;c__Alphaproteobacteria;o__Rhizobiales;f__Hyphomicrobiaceae	-1.28694172600434	-1.7355880945199	-0.40209766776127	1.72019814545879	5.90595568654898	0.296805461220337	0.358048792734129	0.200871499460404	0.309432691485535	0.238678075701059	0.352306171681116
k__Bacteria;p__Proteobacteria;c__Alphaproteobacteria;o__Rhizobiales;f__Methylobacteriaceae	-0.891371235170577	-1.52673628153383	0.544497363220167	2.3733724979287	4.96402043922008	0.439549731051731	0.304390262221572	0.13224067392233	0.212625127993695	0.105215418700714	0.176279039378033
k__Bacteria;p__Proteobacteria;c__Alphaproteobacteria;o__Rhizobiales;f__Methylocystaceae	-1.601308045794	-1.73868156030599	-1.37569853344264	0.315536257576336	4.53975186444437	0.0543119434386852	0.46777344007182	0.523482377711909	0.644286760481607	0.526276792697137	0.649226799010969
k__Bacteria;p__Proteobacteria;c__Alphaproteobacteria;o__Rhizobiales;f__Phyllobacteriaceae	-1.00120132910547	-1.66181376809437	0.876894289147524	3.88102511653426	6.33045557782344	0.571335361206932	0.290731727440933	0.0303023317081194	0.074250972312685	0.050378217445037	0.104547243662169
k__Bacteria;p__Proteobacteria;c__Alphaproteobacteria;o__Rhizobiales;f__Rhizobiaceae	-0.569379142578004	-1.63136920497387	3.78555612463364	4.91242858957668	5.24805885553791	0.837047517160009	0.187317113900899	0.0093431555972632	0.0224709708354875	0.00255505472124572	0.00848920400612922
k__Bacteria;p__Proteobacteria;c__Alphaproteobacteria;o__Rhizobiales;f__Rhodobiaceae	-1.75118338344422	-1.90246248249596	-1.49001236612411	0.414475333062405	4.48269234235823	0.0760086381101272	0.460937503123472	0.537076382248993	0.659184210013865	0.524254136441636	0.644563952448312
k__Bacteria;p__Proteobacteria;c__Alphaproteobacteria;o__Rhizobiales;f__Xanthobacteraceae	-1.54906282027324	-1.75876417398828	-1.25515057614533	0.431655192521279	4.45881536551192	0.0844872941793916	0.451707320939712	0.461858904933542	0.601962308958617	0.430320030331051	0.563664181715522
k__Bacteria;p__Proteobacteria;c__Alphaproteobacteria;o__Rhodobacterales;f__Rhodobacteraceae	-1.42192291902694	-1.64091803012489	-0.987863053644686	0.57965763297062	5.14854617726283	0.111120190012035	0.435121956453624	0.459538592529109	0.592374152308493	0.469273685333346	0.590707509761373
k__Bacteria;p__Proteobacteria;c__Alphaproteobacteria;o__Rhodospirillales;f__	-1.53298906159386	-1.75103094922714	-1.17143593275685	0.575520419539764	4.27885991469878	0.117478859975251	0.446829272558308	0.432355869880739	0.560411826968127	0.434458287505853	0.560711412287414
k__Bacteria;p__Proteobacteria;c__Alphaproteobacteria;o__Rhodospirillales;f__Acetobacteraceae	-1.24844190689415	-1.54206733789717	-0.706384730305667	1.12304431689056	4.85391583017694	0.197312146018702	0.414062507037594	0.398384870380082	0.522062147843618	0.38075611584237	0.50604782702278
k__Bacteria;p__Proteobacteria;c__Alphaproteobacteria;o__Rhodospirillales;f__Rhodospirillaceae	-1.59113210619224	-1.78043623395954	-1.273840335741	0.525680205650147	4.52854292976377	0.105084544920362	0.446289066818392	0.494352463899157	0.626291406900502	0.500047798759332	0.618911852466308
k__Bacteria;p__Proteobacteria;c__Alphaproteobacteria;o__Rickettsiales;f__mitochondria	-1.66312030021384	-1.94588005182789	-1.3127646987826	0.599401449419169	4.65428519896921	0.120477016745875	0.439453129883441	0.506788874133516	0.638128035692844	0.486389598137879	0.606223946870236
k__Bacteria;p__Proteobacteria;c__Alphaproteobacteria;o__Sphingomonadales;f__Erythrobacteraceae	-1.28175152334881	-1.54775750875023	-0.85368287251961	0.691778408363656	4.82845598428209	0.132368590033515	0.433593755372255	0.447708635064351	0.580103097084555	0.43216695591609	0.56055172647832
k__Bacteria;p__Proteobacteria;c__Alphaproteobacteria;o__Sphingomonadales;f__Sphingomonadaceae	-0.125738738468173	-1.25818727796958	6.41840731905562	6.61891302965083	6.27310247891219	0.941413185918087	0.186523478547334	0.0032105492805552	0.0103320641408321	0.0016375747150548	0.00596239868251583
k__Bacteria;p__Proteobacteria;c__Betaproteobacteria;o__;f__	-1.58086315197112	-2.01819187023218	-0.875769578480712	1.22404412680151	4.91170607689095	0.20503828236176	0.378536595604273	0.278676728861478	0.401681873485531	0.296237914517404	0.41575593366736
k__Bacteria;p__Proteobacteria;c__Betaproteobacteria;o__Burkholderiales;f__Alcaligenaceae	0.477330896451374	-0.308524221306588	2.72451789901	2.41153557317044	6.14818608994485	0.355597094215327	0.339843764183275	0.137178482106279	0.242945749140664	0.0945786240868591	0.190939052157599
k__Bacteria;p__Proteobacteria;c__Betaproteobacteria;o__Burkholderiales;f__Burkholderiaceae	-0.367417594642156	0.154062816229013	-0.926054802205824	-1.8223912440571	6.31635747918633	-0.272361554476654	0.396097569588872	0.156763179470583	0.272102300588074	0.271807911954318	0.402614269308471
k__Bacteria;p__Proteobacteria;c__Betaproteobacteria;o__Burkholderiales;f__Comamonadaceae	-0.174259744496823	-1.09954032682553	3.30198595062576	3.59953658405341	6.17419164849063	0.567476710705831	0.270507835606067	0.0493316429072171	0.102654734896718	0.0343910041471565	0.0768559164704125
k__Bacteria;p__Proteobacteria;c__Betaproteobacteria;o__Burkholderiales;f__Oxalobacteraceae	2.06433187456265	0.462807453784658	6.46522035291276	5.05482006073463	6.91624216785067	0.656552409531087	0.233398467104215	0.0135641246233588	0.0381510858884563	0.00523209139819324	0.017919234117312
k__Bacteria;p__Proteobacteria;c__Betaproteobacteria;o__Neisseriales;f__Neisseriaceae	9.12554330277052	10.7919286786026	8.69411835106198	-1.88048693947639	4.525775336541	-0.322938269340036	0.362304699341062	0.291315377046391	0.473483886144201	0.114505160169761	0.244537976911227
k__Bacteria;p__Proteobacteria;c__Betaproteobacteria;o__Rhodocyclales;f__Rhodocyclaceae	1.36224552127282	-1.05168783860646	11.187399814063	11.1906868243737	7.50600629265027	1.2237999941581	0.109375079671783	2.29180556960731e-05	0.000143830275270927	1.23739840581191e-05	8.46438466435531e-05
k__Bacteria;p__Proteobacteria;c__Betaproteobacteria;o__SC-I-84;f__	-1.05866841538975	-2.07377123849467	5.68308750251455	7.58662289586616	7.58590146035389	0.86249937192571	0.200195349701373	0.00503174092011932	0.0151224377402126	0.00803681478521583	0.0217511074527184
k__Bacteria;p__Proteobacteria;c__Deltaproteobacteria;o__Bdellovibrionales;f__Bacteriovoracaceae	-1.66178978938894	-1.81827741564188	-1.33147031387751	0.54959971594517	4.16194302460777	0.108381574153933	0.44585366288232	0.402354912934905	0.533671866736916	0.383454222604674	0.509518362102196
k__Bacteria;p__Proteobacteria;c__Deltaproteobacteria;o__Desulfobacterales;f__Desulfobulbaceae	-1.61790011823554	-1.84465742452454	-1.30794188613446	0.548881609947879	4.75700792503899	0.100460474984803	0.452682930616271	0.521410692819223	0.652267909440939	0.487262408014938	0.619582130156737
k__Bacteria;p__Proteobacteria;c__Deltaproteobacteria;o__Desulfovibrionales;f__Desulfovibrionaceae	-1.66275354898016	-1.87118155183377	-1.29053593348686	0.455931919647866	4.55120139823464	0.0784404452900811	0.458007815860944	0.502002471012676	0.631195507376183	0.481620862199364	0.60214815937312
k__Bacteria;p__Proteobacteria;c__Deltaproteobacteria;o__Myxococcales;f__	-1.60706187980584	-1.81717329334897	-1.31373388276275	0.522769172789478	4.37677531788013	0.107036675142885	0.448242191657894	0.442965904333253	0.574217107469902	0.443991875167014	0.573918987231492
k__Bacteria;p__Proteobacteria;c__Deltaproteobacteria;o__Myxococcales;f__Polyangiaceae	-1.61806031542101	-2.01076836451596	-0.820693113022652	1.27837057594322	4.49689880102775	0.250334390013713	0.368164073760217	0.306507026854074	0.428757887771397	0.292350241877576	0.4057106967916
k__Bacteria;p__Proteobacteria;c__Epsilonproteobacteria;o__Campylobacterales;f__Campylobacteraceae	7.31069021519209	9.29795514449434	0.530580458502021	-8.17446924969073	5.37356667202365	-1.30718191084299	0.0634767083916086	1.08489765890132e-05	7.74198948758138e-05	2.71197660055769e-07	5.9461021813904e-06
k__Bacteria;p__Proteobacteria;c__Epsilonproteobacteria;o__Campylobacterales;f__Helicobacteraceae	-1.59757110370009	-2.0368509352239	-0.815754021844478	1.15442740191838	4.23440237440614	0.244657076958477	0.374634156952275	0.329734340311063	0.439329693667233	0.318436978617646	0.422796493314834
k__Bacteria;p__Proteobacteria;c__Gammaproteobacteria;o__;f__	-1.63075556097729	-1.94839456058466	-1.0344573989266	1.07345253082851	4.89959727950211	0.18448737719872	0.385365863255525	0.315351099337323	0.442790613482834	0.33456101422545	0.45662839454879
k__Bacteria;p__Proteobacteria;c__Gammaproteobacteria;o__Aeromonadales;f__Aeromonadaceae	-1.60442409545275	-1.75922527934942	-1.37115555933807	0.391719311171089	4.54086871792488	0.0695118448846302	0.458984378281711	0.503309018597028	0.621785051940528	0.53507220941461	0.640407782388283
k__Bacteria;p__Proteobacteria;c__Gammaproteobacteria;o__Alteromonadales;f__Alteromonadaceae	-1.45848285232126	-1.78475059543198	-0.833259626962474	0.967042773792631	4.63831177632324	0.188615986619078	0.400390633243404	0.363307837467556	0.482850861660139	0.358047075433602	0.473363119596832
k__Bacteria;p__Proteobacteria;c__Gammaproteobacteria;o__Alteromonadales;f__[Chromatiaceae]	-1.42254674761403	-1.85646134241876	-0.691500885020996	1.22733643423244	4.6932401099627	0.227675217294179	0.385742197080689	0.36829461497349	0.491834684536528	0.326750747398551	0.440078331711485
k__Bacteria;p__Proteobacteria;c__Gammaproteobacteria;o__Cardiobacteriales;f__Cardiobacteriaceae	-0.876945039939769	-0.563440892210923	-1.2154562221527	-1.14595566668994	5.2724461183659	-0.194835956482787	0.425365859713261	0.388106929281228	0.524562794165715	0.404548205442177	0.537463820635351
k__Bacteria;p__Proteobacteria;c__Gammaproteobacteria;o__Enterobacteriales;f__Enterobacteriaceae	2.19086133500077	-0.436194292973356	14.0503748916716	13.6259324427064	6.55072717528682	1.62690817300158	0.0644532685093798	2.70826475973188e-07	2.57938274091321e-06	4.24173337721511e-07	7.11778566530996e-06
k__Bacteria;p__Proteobacteria;c__Gammaproteobacteria;o__Oceanospirillales;f__Halomonadaceae	-0.823435430465865	-0.77775726633154	-0.891076823447564	-0.242835885811353	5.09531000728668	-0.0446742892972574	0.480000001588899	0.51861724016154	0.659589327645938	0.568680664013217	0.691401984233108
k__Bacteria;p__Proteobacteria;c__Gammaproteobacteria;o__Oceanospirillales;f__Oceanospirillaceae	-1.60132997229302	-1.8741503227734	-1.17952825213156	0.570246239022114	4.64850513866993	0.106897286538562	0.451171878917873	0.481225722930178	0.617333678210268	0.428626361101265	0.552823941895316
k__Bacteria;p__Proteobacteria;c__Gammaproteobacteria;o__Pasteurellales;f__Pasteurellaceae	9.35628776328117	11.7809383615951	-0.42447656591085	-11.5866007038006	5.31907455337035	-1.91629640522117	0.0360978253469564	1.85932683674605e-07	2.32628248794189e-06	1.54918694847485e-08	1.11697436543408e-06
k__Bacteria;p__Proteobacteria;c__Gammaproteobacteria;o__Pseudomonadales;f__Moraxellaceae	0.278428973468287	-0.528079474363229	2.09505257525923	2.31639937561976	6.49070508781446	0.350411232424431	0.345365867220988	0.157993926791377	0.290361219179779	0.139101006393036	0.25995638817852
k__Bacteria;p__Proteobacteria;c__Gammaproteobacteria;o__Pseudomonadales;f__Pseudomonadaceae	3.68485626156249	0.97743553590166	6.36915210257276	5.34985541859146	8.04636916201872	0.638221931956217	0.246829295297058	0.0177292165619107	0.0495510301551657	0.0108163328418439	0.0342810311356499
k__Bacteria;p__Proteobacteria;c__Gammaproteobacteria;o__Vibrionales;f__Vibrionaceae	-1.69762849622486	-1.9763611739242	-1.29712880293055	0.775532653136755	4.42690441832971	0.131457997933902	0.43261719295416	0.475277446103138	0.597118467151793	0.463508212241344	0.588256461706019
k__Bacteria;p__Proteobacteria;c__Gammaproteobacteria;o__Xanthomonadales;f__Xanthomonadaceae	1.19190187243168	-0.574627203970801	7.97826798312243	6.8418699990303	6.99555295095767	0.883429851260948	0.172682972260835	0.00233216827320705	0.00807519179422499	0.000449183350879055	0.00202462335179113
k__Bacteria;p__SR1;c__;o__;f__	-0.101708957077491	1.11393595297581	-0.944244687891356	-2.83446502765551	6.14592645093822	-0.420892974091339	0.325853674256435	0.0944048208564213	0.183801771342985	0.1327066397704	0.243626613685838
k__Bacteria;p__Spirochaetes;c__Spirochaetes;o__;f__	-1.68816875817657	-1.94602708693543	-1.2774536931441	0.589180228190219	4.30906611431136	0.129424386393898	0.437073175803256	0.449299996740404	0.575733122448525	0.430184327455109	0.549522174532411
k__Bacteria;p__Spirochaetes;c__Spirochaetes;o__Spirochaetales;f__Spirochaetaceae	1.66643549250229	4.49993878039913	-0.865801274249582	-5.21703583418955	5.52992093591326	-0.821672201763048	0.175609800529653	0.00257981837074859	0.00880622902029824	0.00108177985195917	0.00431618893125954
k__Bacteria;p__Synergistetes;c__Synergistia;o__Synergistales;f__	-1.61994468058554	-1.8284669629243	-1.2824688487869	0.63680852219855	4.6495275030901	0.120579419462499	0.446829272558308	0.485609618528587	0.612490407035437	0.492152710624	0.619569329441447
k__Bacteria;p__Synergistetes;c__Synergistia;o__Synergistales;f__Dethiosulfovibrionaceae	-1.40577652466946	-1.51934589412152	-1.27261813685396	0.128845766055179	4.74364511525314	0.0245652522057853	0.487804879016647	0.535588568137251	0.676101033251407	0.570296917190911	0.694568289833488
k__Bacteria;p__TM7;c__TM7-3;o__;f__	6.04366774502552	8.45325107460114	0.152012478614715	-8.5296042648562	4.67475192271091	-1.51465655121115	0.0897561971311749	3.61645850246974e-06	2.82992257242346e-05	2.05656216619298e-06	2.0530159639008e-05
k__Bacteria;p__TM7;c__TM7-3;o__CW040;f__	0.13876596476861	1.23783993398153	-0.537947808099929	-2.44026415351123	7.04367487920033	-0.336934103514731	0.368164073760217	0.189784672009022	0.327036064371252	0.235767633828788	0.377427884562622
k__Bacteria;p__TM7;c__TM7-3;o__CW040;f__F16	1.6327450243428	5.52942922308186	-1.17093764503377	-6.29312239809113	4.99658990074814	-1.12984810473537	0.12890631566026	0.000105480723405878	0.000529961696671049	8.46851708301735e-05	0.000424857103154344
k__Bacteria;p__TM7;c__TM7-3;o__EW055;f__	-1.6129345561408	-1.84577615974569	-1.17528083546606	0.630995890028069	4.34732450488306	0.119439415885675	0.438476567464609	0.416423503940535	0.539543972087679	0.386298631553102	0.510668558967397
k__Bacteria;p__TM7;c__TM7-3;o__I025;f__Rs-045	-1.40298524443864	-1.52218711786118	-1.17556453323478	0.17972376741364	4.57726857457437	0.027665363515785	0.482421876398712	0.494160359228354	0.617072917464867	0.513559708790738	0.630992650419921
k__Bacteria;p__Tenericutes;c__Mollicutes;o__Acholeplasmatales;f__Acholeplasmataceae	-1.61714381204526	-1.76830254430801	-1.31485437161566	0.501614501448187	4.95321015869853	0.0901171300981633	0.453125003758321	0.513449026041812	0.645837684000155	0.533995223866242	0.651160695689958
k__Bacteria;p__Tenericutes;c__Mollicutes;o__Mycoplasmatales;f__Mycoplasmataceae	0.384452003416879	1.44873529668117	-0.426619193005739	-2.42462021479523	5.74823672895507	-0.390587545691518	0.344726576157101	0.145691428097899	0.25063717534865	0.14565996175148	0.257556858670687
k__Bacteria;p__Tenericutes;c__Mollicutes;o__RF39;f__	-1.16083318399385	-0.998965492098724	-1.32423600761169	-0.539197151640231	5.58758172655053	-0.0871415122930059	0.45507812859912	0.438034061510589	0.564322625640597	0.543481147763942	0.659992584180074
k__Bacteria;p__[Thermi];c__Deinococci;o__Deinococcales;f__Deinococcaceae	-1.59134607648601	-1.76620421713705	-1.19207854844041	0.483885687265041	4.50700154481474	0.0926621183586965	0.449218754077792	0.465240878627346	0.58474213838174	0.432501874324837	0.561180165756917
k__Bacteria;p__[Thermi];c__Deinococci;o__Deinococcales;f__Trueperaceae	-1.68964263428471	-2.13979056911446	-0.798381283276609	1.35491899630273	4.50246303863315	0.258369152919574	0.377560985940862	0.306060209101093	0.414226950927469	0.267925920334513	0.376523703050685
k__Bacteria;p__[Thermi];c__Deinococci;o__Thermales;f__Thermaceae	-1.39912231303815	-1.75888788620448	-0.585260774540489	1.17336891675699	4.4381204557628	0.242815123386739	0.397460946006842	0.398036821140212	0.515292408347901	0.347686194027388	0.460163847478262
