featureid	rab.all	rab.win.2.asymptomatic	rab.win.4.severe	diff.btw	diff.win	effect	overlap	we.ep	we.eBH	wi.ep	wi.eBH
#q2:types	numeric	numeric	numeric	numeric	numeric	numeric	numeric	numeric	numeric	numeric	numeric
k__Bacteria;p__Actinobacteria;c__Acidimicrobiia;o__Acidimicrobiales;f__;g__	-0.901536726112973	-0.869206717070317	-0.916255751889077	-0.18607934157158	4.28757981132683	-0.0377372440473851	0.47949218913256	0.511620948888153	0.705304317520995	0.507973098858048	0.715973814789042
k__Bacteria;p__Actinobacteria;c__Actinobacteria;o__Actinomycetales;f__;g__	0.611905439369236	0.929977687417091	0.268539711549919	-2.08032255751138	9.06243498083784	-0.253243740611789	0.405853666278554	0.22643657804624	0.475240542612466	0.387233964140555	0.635323910613746
k__Bacteria;p__Actinobacteria;c__Actinobacteria;o__Actinomycetales;f__Actinomycetaceae;g__Actinomyces	3.28500813276388	7.48732528779941	0.0494239036133699	-6.55657226446206	6.80700716254279	-0.839431102796893	0.196289100749242	0.0038025994002523	0.0314789173132643	0.00255916307737972	0.0263507291975539
k__Bacteria;p__Actinobacteria;c__Actinobacteria;o__Actinomycetales;f__Actinomycetaceae;g__Varibaculum	-1.0074217963036	-0.896701548719581	-1.10526320703365	-0.320952830914617	4.52947017034286	-0.0749101323310751	0.463414637063834	0.515082205297887	0.707304357939097	0.494538163927567	0.710961005299711
k__Bacteria;p__Actinobacteria;c__Actinobacteria;o__Actinomycetales;f__Brevibacteriaceae;g__Brevibacterium	-0.748241595626134	-0.54705512198262	-1.04774532199968	-0.675934645955746	4.66159817650033	-0.120314345066163	0.440975614503948	0.488199860440868	0.675394087519614	0.503061681007835	0.701724075046015
k__Bacteria;p__Actinobacteria;c__Actinobacteria;o__Actinomycetales;f__Corynebacteriaceae;g__Corynebacterium	10.9118432745007	11.4338680277443	9.80862090057194	-0.130166671244704	8.03293297287782	-0.0130776072765509	0.49463414676712	0.551659836542615	0.779195371821801	0.944885244316437	0.980454281876521
k__Bacteria;p__Actinobacteria;c__Actinobacteria;o__Actinomycetales;f__Dermabacteraceae;g__Brachybacterium	-0.954561371878011	-1.00479582315674	-0.924086666620294	-0.0449402187591517	4.46168117668771	-0.00838472672620316	0.495609756445813	0.519065747455176	0.720433754158442	0.538674539908666	0.745474276540678
k__Bacteria;p__Actinobacteria;c__Actinobacteria;o__Actinomycetales;f__Dermabacteraceae;g__Dermabacter	-0.871700507213199	-0.817998914147745	-0.948278578072854	-0.195823575519036	4.51502696453615	-0.0399845389852525	0.480000001588899	0.473784505013959	0.688594026584612	0.510345548842671	0.724882202567305
k__Bacteria;p__Actinobacteria;c__Actinobacteria;o__Actinomycetales;f__Dietziaceae;g__Dietzia	-0.766674797421564	-0.948290255180638	-0.511798989042369	0.418840938511051	4.26780165119738	0.0768671347004004	0.455609759646472	0.473797739799015	0.650226345878257	0.440182917136549	0.653480585912173
k__Bacteria;p__Actinobacteria;c__Actinobacteria;o__Actinomycetales;f__Geodermatophilaceae;g__Geodermatophilus	-0.878722007450762	-1.00476212442455	-0.684203806878815	0.475642908134452	4.4822176327545	0.0996151172777736	0.453658540292919	0.472654139680591	0.671897923055928	0.457562528753582	0.685496840766463
k__Bacteria;p__Actinobacteria;c__Actinobacteria;o__Actinomycetales;f__Gordoniaceae;g__Gordonia	-0.843012199829611	-0.786284192420998	-0.956741581344387	-0.221685748954295	4.24279383712085	-0.0509264902475538	0.472656252179604	0.447728552840893	0.666327593931952	0.488038564270164	0.695310037298961
k__Bacteria;p__Actinobacteria;c__Actinobacteria;o__Actinomycetales;f__Intrasporangiaceae;g__	-0.902287097987932	-0.833467017278185	-0.978675513127426	-0.194049022310097	4.35840867508839	-0.0372952059675097	0.480975611267259	0.4952367523164	0.67928809407555	0.501639146257412	0.70137426975388
k__Bacteria;p__Actinobacteria;c__Actinobacteria;o__Actinomycetales;f__Intrasporangiaceae;g__Janibacter	-0.907305332146093	-0.857683706010295	-0.963511964598852	-0.000229256185698468	4.45261052060204	4.93436714316608e-05	0.5	0.530900374075721	0.730323790432183	0.559436161057233	0.755724965321358
k__Bacteria;p__Actinobacteria;c__Actinobacteria;o__Actinomycetales;f__Intrasporangiaceae;g__Knoellia	-0.869264901738896	-1.06379772387822	-0.653233162172056	0.578339448447552	4.37046125792002	0.106131197261118	0.447804882234397	0.425935970766083	0.628099825824082	0.45325049032339	0.673000014884028
k__Bacteria;p__Actinobacteria;c__Actinobacteria;o__Actinomycetales;f__Kineosporiaceae;g__	-0.869766005286095	-1.1165146230169	-0.586025985818951	0.613493999643756	4.46255928649061	0.126082001148181	0.44585366288232	0.445643096286851	0.64143223951005	0.484409019326096	0.678038524434111
k__Bacteria;p__Actinobacteria;c__Actinobacteria;o__Actinomycetales;f__Microbacteriaceae;g__Agrococcus	-0.797164382809127	-0.935565578807285	-0.570014634808022	0.375697858821044	4.13293209823545	0.0821256102089426	0.467317075774195	0.492611173682244	0.682702487178373	0.48363855233692	0.684125549468391
k__Bacteria;p__Actinobacteria;c__Actinobacteria;o__Actinomycetales;f__Microbacteriaceae;g__Microbacterium	1.81377668180737	3.23456412404016	1.04144769040146	-1.95686481120123	6.39720616492332	-0.297231673547601	0.375976573002695	0.358961438335741	0.595693972103373	0.236287077757851	0.505772224093806
k__Bacteria;p__Actinobacteria;c__Actinobacteria;o__Actinomycetales;f__Microbacteriaceae;g__Salinibacterium	-0.881210591550033	-0.836953985304485	-0.924109825152657	-0.0496434976985816	4.57855792474082	-0.0115027613601899	0.495609756445813	0.498592027075154	0.710193130536297	0.546186695139856	0.760011350299545
k__Bacteria;p__Actinobacteria;c__Actinobacteria;o__Actinomycetales;f__Micrococcaceae;g__Kocuria	-0.741023984180333	-0.501851092819798	-1.0102817358312	-0.555461711237284	4.94404973560013	-0.0902564806398383	0.448780491910583	0.460166111424071	0.656522861871196	0.534242157793026	0.726803196636736
k__Bacteria;p__Actinobacteria;c__Actinobacteria;o__Actinomycetales;f__Micrococcaceae;g__Microbispora	-0.804232900535487	-0.915341874132794	-0.666013344771124	0.342183507887921	4.35960469752889	0.0568059953250378	0.465365856418887	0.514811934459099	0.711540626715176	0.5092221008803	0.721598296215427
k__Bacteria;p__Actinobacteria;c__Actinobacteria;o__Actinomycetales;f__Micrococcaceae;g__Micrococcus	-0.248531091544031	-0.0443816133096266	-0.402580209457227	-0.548689814517313	6.15746736071284	-0.0824175986006478	0.452148441338052	0.52028657608666	0.721787354645954	0.556732069004249	0.760577155500744
k__Bacteria;p__Actinobacteria;c__Actinobacteria;o__Actinomycetales;f__Micrococcaceae;g__Renibacterium	-0.650195779264505	-0.91300263485351	-0.339517672539329	0.805928698720627	4.60621010610594	0.148108938491015	0.418536592003554	0.41773817509922	0.632595168901441	0.457224514121423	0.679703985423156
k__Bacteria;p__Actinobacteria;c__Actinobacteria;o__Actinomycetales;f__Micrococcaceae;g__Rothia	2.72662601706736	8.78845083186713	0.0213740819121648	-7.42830059086899	7.00930479994361	-0.915879712278385	0.195121989714174	0.00206266670325932	0.0196005589084465	0.00317781459805473	0.0297042153607399
k__Bacteria;p__Actinobacteria;c__Actinobacteria;o__Actinomycetales;f__Nocardiaceae;g__	-0.781039434610918	-0.994209103154585	-0.578549178511438	0.529185605347438	4.26799378095786	0.10047942020999	0.444878053206434	0.436565096846004	0.651315364112681	0.490302754332222	0.700258588569468
k__Bacteria;p__Actinobacteria;c__Actinobacteria;o__Actinomycetales;f__Nocardioidaceae;g__	-0.700081099335144	-0.928052932428238	-0.339853959752459	0.882694166641195	4.62113098577593	0.176034426374352	0.407226570135852	0.416060101349798	0.601445955966718	0.433064387262861	0.638322910847503
k__Bacteria;p__Actinobacteria;c__Actinobacteria;o__Actinomycetales;f__Nocardioidaceae;g__Propionicimonas	-0.8561932517768	-0.840879571223267	-0.870668091267808	0.0213234266202562	4.35622847934113	0.00363010659650652	0.498046875155223	0.490539099217423	0.704657874152678	0.527132708439239	0.736376703190194
k__Bacteria;p__Actinobacteria;c__Actinobacteria;o__Actinomycetales;f__Propionibacteriaceae;g__	-0.700259259057995	-0.791406403127779	-0.595921216926037	0.275926283577095	4.28892922552912	0.0532273159721275	0.470703127336327	0.466848157823922	0.66251471365836	0.472714113383684	0.68259612560703
k__Bacteria;p__Actinobacteria;c__Actinobacteria;o__Actinomycetales;f__Propionibacteriaceae;g__Microlunatus	-0.838746322094098	-1.02102774042365	-0.585384300712477	0.556039127219445	4.23890881148742	0.101538140360147	0.442926833854975	0.481078533778318	0.677211436171472	0.510446815162246	0.71607016980375
k__Bacteria;p__Actinobacteria;c__Actinobacteria;o__Actinomycetales;f__Propionibacteriaceae;g__Propionibacterium	6.83338037967486	8.14916478061492	3.59690207384309	-3.70374824304964	9.3427269785415	-0.388558687929677	0.330078140267469	0.161790080779961	0.393417702019216	0.118058262505893	0.351031559649469
k__Bacteria;p__Actinobacteria;c__Actinobacteria;o__Actinomycetales;f__Pseudonocardiaceae;g__Pseudonocardia	-0.753003529042497	-0.906036235986437	-0.499988825185243	0.441086627104895	4.54414848080424	0.0872635906551219	0.459512198354553	0.458156600289417	0.66528670575888	0.49379031787382	0.70710853014071
k__Bacteria;p__Actinobacteria;c__Actinobacteria;o__Actinomycetales;f__Sporichthyaceae;g__	-0.850935439569867	-1.18752138027519	-0.487971689354056	0.673572057578841	4.38141461077394	0.144178215254245	0.426757818448403	0.41983163425443	0.623852983969304	0.453546699567242	0.668760111673964
k__Bacteria;p__Actinobacteria;c__Actinobacteria;o__Bifidobacteriales;f__Bifidobacteriaceae;g__Alloscardovia	-0.825878816885706	-0.922845847400867	-0.666516472643998	0.365621236683841	4.89010150032348	0.0611743793713912	0.460487808031765	0.516589756647033	0.702316758525659	0.516663768012954	0.714118351267287
k__Bacteria;p__Actinobacteria;c__Actinobacteria;o__Bifidobacteriales;f__Bifidobacteriaceae;g__Bifidobacterium	-0.579013557252448	-0.936000630453654	-0.0189341869812258	1.137824595097	5.42693565415245	0.184913346214088	0.391219521252044	0.281302138763572	0.500391707998177	0.387644926462475	0.59724310801698
k__Bacteria;p__Actinobacteria;c__Actinobacteria;o__Bifidobacteriales;f__Bifidobacteriaceae;g__Scardovia	-0.72321034000174	-0.832940215593136	-0.607680425029144	0.175984987392502	4.86927207644572	0.0340585741679444	0.487804879016647	0.538283812589604	0.727348751682813	0.539580004007059	0.733568636805004
k__Bacteria;p__Actinobacteria;c__Coriobacteriia;o__Coriobacteriales;f__Coriobacteriaceae;g__Atopobium	0.389761751947932	0.882563786113857	0.0211386660957515	-1.30748500890841	7.09081895174005	-0.182373840532904	0.421875006364191	0.458850576180387	0.682812337530881	0.439725481953169	0.659394566276201
k__Bacteria;p__Actinobacteria;c__Coriobacteriia;o__Coriobacteriales;f__Coriobacteriaceae;g__Collinsella	-0.80742081845993	-0.980495342997449	-0.576407622979776	0.580554520190579	4.34028307397824	0.11574384349593	0.443359379559906	0.464642667709782	0.661839134930026	0.479080790306226	0.692339286116116
k__Bacteria;p__Actinobacteria;c__Thermoleophilia;o__Solirubrobacterales;f__Patulibacteraceae;g__Patulibacter	-0.754131540690873	-0.936620770685609	-0.483788590505227	0.461554304159939	4.3083902477519	0.0949854802238751	0.451171878917873	0.487189935861155	0.667549572279308	0.480137863423232	0.688352946356979
k__Bacteria;p__Bacteroidetes;c__Bacteroidia;o__Bacteroidales;f__;g__	0.385703414904811	1.46960123172183	-0.30272600565339	-2.65090031202016	5.77624430186572	-0.386230006769902	0.334960952219874	0.171625618541004	0.365498091556916	0.168703275290692	0.384880587244276
k__Bacteria;p__Bacteroidetes;c__Bacteroidia;o__Bacteroidales;f__Bacteroidaceae;g__Bacteroides	-0.456743903129404	-0.321335533725004	-0.571141222122713	-0.0460293085224892	4.9265468196814	-0.00877644169567634	0.496585366124513	0.57339036647321	0.762073013519613	0.562578815207006	0.76324494857154
k__Bacteria;p__Bacteroidetes;c__Bacteroidia;o__Bacteroidales;f__Porphyromonadaceae;g__	-0.742949944499364	-0.589146443804072	-0.948460955751218	-0.178298256149064	4.19910499850222	-0.0395062477827549	0.481445313976627	0.509085005233072	0.704909915218003	0.502288068389411	0.705412491743102
k__Bacteria;p__Bacteroidetes;c__Bacteroidia;o__Bacteroidales;f__Porphyromonadaceae;g__Paludibacter	-0.853026329949462	-0.940556330590576	-0.714437947330457	0.389221498690874	4.37158782930811	0.0836990052626037	0.458007815860944	0.470277069685744	0.67735872949169	0.494077648560204	0.708361742813073
k__Bacteria;p__Bacteroidetes;c__Bacteroidia;o__Bacteroidales;f__Porphyromonadaceae;g__Porphyromonas	1.28917950568376	7.89767700827397	-0.13930722253389	-6.199156183962	7.9658960094148	-0.703297540175783	0.253658562387831	0.00988584014971448	0.0566114975335417	0.024219356073953	0.114802540419218
k__Bacteria;p__Bacteroidetes;c__Bacteroidia;o__Bacteroidales;f__Porphyromonadaceae;g__Tannerella	0.451828046919065	1.48054362997087	-0.253614781384142	-2.33708719090906	5.31909567980119	-0.406201817584903	0.334960952219874	0.134942540566298	0.311064973260428	0.150485111125682	0.346208109336786
k__Bacteria;p__Bacteroidetes;c__Bacteroidia;o__Bacteroidales;f__Prevotellaceae;g__Prevotella	6.03023472288421	10.3176103227149	1.94024522108064	-6.83851363295698	8.17891062665652	-0.727332363100772	0.244878076138944	0.00929068635917754	0.0617255349293781	0.0105163377535831	0.0719610558655778
k__Bacteria;p__Bacteroidetes;c__Bacteroidia;o__Bacteroidales;f__[Paraprevotellaceae];g__[Prevotella]	1.09525070543218	2.78611043173395	-0.0147363705993371	-4.60650852680911	8.26067309432548	-0.535306667256308	0.300487823699717	0.0288943196443459	0.12000405601936	0.0672376049832104	0.216988360581015
k__Bacteria;p__Bacteroidetes;c__Bacteroidia;o__Bacteroidales;f__p-2534-18B5;g__BE24	-0.854093091824295	-0.714831217408596	-1.00106231131816	-0.325839431251315	4.64039531298726	-0.0616700521981838	0.46634146609651	0.479463749848887	0.675867759663761	0.480908783472214	0.685006281283003
k__Bacteria;p__Bacteroidetes;c__Cytophagia;o__Cytophagales;f__Cytophagaceae;g__Adhaeribacter	-0.938196799392338	-0.792888618440288	-1.10186643741732	-0.0870840723375421	4.38928715727194	-0.0176174172361761	0.492187500621033	0.524172290814408	0.709831756176512	0.527424920707356	0.734585512938562
k__Bacteria;p__Bacteroidetes;c__Cytophagia;o__Cytophagales;f__Cytophagaceae;g__Dyadobacter	-0.817208298273004	-1.00122917321171	-0.58833690114912	0.384610540993918	4.26898076250112	0.0762326305731809	0.457560979000355	0.473579999292039	0.668051075112626	0.444374211824261	0.654137493091441
k__Bacteria;p__Bacteroidetes;c__Cytophagia;o__Cytophagales;f__Cytophagaceae;g__Hymenobacter	-0.791655752423653	-1.08160165373934	-0.472507586253537	0.643593641165289	4.40234714876259	0.128556199401544	0.428292688733938	0.426780484128533	0.614931625903016	0.479333828420507	0.661836720262133
k__Bacteria;p__Bacteroidetes;c__Cytophagia;o__Cytophagales;f__Cytophagaceae;g__Rudanella	-0.734910654796768	-0.652130519124444	-0.799327865722791	-0.0969428440383648	4.22585915316906	-0.0238557586014702	0.488780488695234	0.530736184016456	0.714797299716155	0.511182906603729	0.724576975036392
k__Bacteria;p__Bacteroidetes;c__Flavobacteriia;o__Flavobacteriales;f__Flavobacteriaceae;g__	-0.811109593946957	-0.924377252758616	-0.61522696257401	0.487951852025316	4.21251537285429	0.103467227279645	0.445312504398793	0.482127892115149	0.666372652480057	0.506088064003405	0.703310748225242
k__Bacteria;p__Bacteroidetes;c__Flavobacteriia;o__Flavobacteriales;f__Flavobacteriaceae;g__Capnocytophaga	1.52499246132694	6.51011063611144	-0.600893920655706	-6.59532161807527	6.15240755643422	-0.968721161870883	0.153170784729108	0.000875972554444166	0.00911981575710032	0.000820947225258708	0.0121704992691603
k__Bacteria;p__Bacteroidetes;c__Flavobacteriia;o__Flavobacteriales;f__[Weeksellaceae];g__	3.05369824686665	1.48465466250391	9.60080896400951	4.33269823548282	8.09287738777283	0.571133835168081	0.267578148562625	0.0358989661952941	0.140926952324333	0.0233746150787011	0.118408546201723
k__Bacteria;p__Bacteroidetes;c__Flavobacteriia;o__Flavobacteriales;f__[Weeksellaceae];g__Chryseobacterium	1.23714475408677	-0.433897945262203	6.33860539931487	7.05643682861347	6.07535524918814	0.972863247213862	0.161951268901876	0.00172904145857718	0.0158846881052109	0.0011081955980104	0.0150936672140876
k__Bacteria;p__Bacteroidetes;c__Flavobacteriia;o__Flavobacteriales;f__[Weeksellaceae];g__Cloacibacterium	-0.458323081407368	-0.62971861844185	-0.174132396702454	0.541688822868472	5.43312172484014	0.0987407904148914	0.457031253440255	0.546643331036517	0.741050076895857	0.530019607185798	0.750235024206298
k__Bacteria;p__Bacteroidetes;c__Flavobacteriia;o__Flavobacteriales;f__[Weeksellaceae];g__Elizabethkingia	1.78926481346981	-0.571710566730971	12.4068435989609	12.5148849806063	5.51050369679756	1.48997940791875	0.130859439484422	4.58830262051614e-05	0.00092496928457937	0.000147557535304897	0.0051941440406771
k__Bacteria;p__Bacteroidetes;c__Flavobacteriia;o__Flavobacteriales;f__[Weeksellaceae];g__Wautersiella	-0.831063137279035	-0.764153570906575	-0.961875944350242	-0.18519321914093	4.43324505929079	-0.0341822077841775	0.483902440302539	0.531351953837969	0.720828654671252	0.549104771502528	0.750873144043944
k__Bacteria;p__Bacteroidetes;c__Sphingobacteriia;o__Sphingobacteriales;f__Sphingobacteriaceae;g__Pedobacter	-0.488800115865709	-0.344686928186196	-0.643135640212634	-0.396992634485088	4.64489045031003	-0.0694279684312989	0.46829268545194	0.50563609453786	0.696029315043334	0.498112420711975	0.703824656206472
k__Bacteria;p__Bacteroidetes;c__Sphingobacteriia;o__Sphingobacteriales;f__Sphingobacteriaceae;g__Sphingobacterium	-0.524701195601995	-0.923484621768353	0.153063343477783	1.40276963690834	4.82073320292807	0.240597379574676	0.380487814931901	0.332729170189542	0.537655666333667	0.315836603118079	0.535485434004741
k__Bacteria;p__Bacteroidetes;c__[Saprospirae];o__[Saprospirales];f__Chitinophagaceae;g__	-0.885201010260243	-1.13279791360216	-0.622445348037235	0.390446571176074	4.37137465070814	0.0726642578253105	0.467317075774195	0.474132696834417	0.670192098068531	0.464449279347918	0.673836489278219
k__Bacteria;p__Chlorobi;c__Ignavibacteria;o__Ignavibacteriales;f__;g__	0.674043610183693	-0.741221668613044	4.96566488002798	5.37585529345088	5.08577008975189	0.915061572478902	0.177734418811559	0.0079862901093971	0.0403209427928812	0.00254682013893371	0.0235820226673784
k__Bacteria;p__Cyanobacteria;c__Chloroplast;o__;f__;g__	-0.817271621394662	-0.953358513913833	-0.646850527904747	0.407844570396835	4.30182043855577	0.0705543253468635	0.45507812859912	0.459202941686553	0.660118781454369	0.438625466605302	0.653158058467103
k__Bacteria;p__Cyanobacteria;c__Chloroplast;o__Stramenopiles;f__;g__	-0.803970834318161	-0.917454551090967	-0.653022952810772	0.418248560344824	4.37274082287077	0.0772973823895765	0.446289066818392	0.518670987146157	0.7094740473917	0.523918534291715	0.728799177276689
k__Bacteria;p__Cyanobacteria;c__Chloroplast;o__Streptophyta;f__;g__	0.78879501910762	2.13862309344486	0.0464522564719321	-1.8458544416341	7.99792001872808	-0.232263665901719	0.398437508418818	0.326084479941221	0.579142292853836	0.3496038522192	0.6081915034621
k__Bacteria;p__Cyanobacteria;c__Synechococcophycideae;o__Pseudanabaenales;f__Pseudanabaenaceae;g__Leptolyngbya	-0.777917684416456	-1.04835559792325	-0.50281038180426	0.584201594594197	4.674219656813	0.125529393132716	0.442382817140624	0.46733053860655	0.653322616782982	0.512410877889255	0.696744434262543
k__Bacteria;p__Firmicutes;c__Bacilli;o__Bacillales;f__Bacillaceae;g__Anoxybacillus	2.63360981641302	-0.420078863773208	11.4971656732989	11.4384056129082	6.75760649487027	1.43648240665584	0.118164135305005	2.72701912232988e-05	0.000815069620070168	7.61749052591179e-05	0.00363414795634554
k__Bacteria;p__Firmicutes;c__Bacilli;o__Bacillales;f__Bacillaceae;g__Bacillus	0.124582832384996	-1.14540963246146	5.78331435571841	7.26389366738653	6.90680146585443	0.87471541069004	0.206054723198657	0.0050830129209683	0.0339906220988267	0.00790845432698397	0.048832890544626
k__Bacteria;p__Firmicutes;c__Bacilli;o__Bacillales;f__Bacillaceae;g__Geobacillus	-0.798997487136445	-0.742883448666952	-0.901068538183576	-0.354257771358804	4.44139424627062	-0.0669293658478959	0.465365856418887	0.466860334293541	0.677884356803201	0.521154543645862	0.723748149625451
k__Bacteria;p__Firmicutes;c__Bacilli;o__Bacillales;f__Listeriaceae;g__	-0.804481989661914	-0.928825277797782	-0.66856591172381	0.372124843003816	4.70891380549148	0.0674511488112412	0.461463417709051	0.519430309661978	0.703935473117158	0.539766331205593	0.740999785511425
k__Bacteria;p__Firmicutes;c__Bacilli;o__Bacillales;f__Listeriaceae;g__Brochothrix	-0.547139943430468	-0.445601227663659	-0.654805395059861	-0.257215509533436	5.35137931232695	-0.0472127014678062	0.476562501866746	0.569846234515554	0.765168415576069	0.533328468104257	0.737334098280044
k__Bacteria;p__Firmicutes;c__Bacilli;o__Bacillales;f__Planococcaceae;g__	1.96885329076311	7.32054475613516	0.327470952255366	-5.85684028151624	7.21260771328456	-0.733224812987394	0.228292713508936	0.008636582047713	0.0540539200078317	0.011013426317165	0.0689098531708037
k__Bacteria;p__Firmicutes;c__Bacilli;o__Bacillales;f__Planococcaceae;g__Planomicrobium	-0.818381042290419	-1.00556241887923	-0.49701482344657	0.706171215200756	4.48410019911368	0.139433218516976	0.418945319115497	0.480467099351133	0.668860714418514	0.465766419627707	0.667817702075768
k__Bacteria;p__Firmicutes;c__Bacilli;o__Bacillales;f__Staphylococcaceae;g__	-0.76612892776432	-0.656200510998993	-0.900591543749598	-0.275630751298736	4.49393595557691	-0.0532574868578679	0.469268295129743	0.488235494227369	0.675877234655642	0.50759158004323	0.698763243593869
k__Bacteria;p__Firmicutes;c__Bacilli;o__Bacillales;f__Staphylococcaceae;g__Jeotgalicoccus	-0.494468685564314	-0.541250419474501	-0.456345298621033	-0.144566709426226	4.60097517050501	-0.0310732371559496	0.487804879016647	0.547646738242397	0.739106288519175	0.581737913641629	0.784862907264784
k__Bacteria;p__Firmicutes;c__Bacilli;o__Bacillales;f__Staphylococcaceae;g__Salinicoccus	-0.732144655645111	-0.964809381495499	-0.482734243368464	0.537987407070774	4.81634331881535	0.104207193040381	0.442926833854975	0.44528952390104	0.644994342317036	0.46372717879167	0.672632894263431
k__Bacteria;p__Firmicutes;c__Bacilli;o__Bacillales;f__Staphylococcaceae;g__Staphylococcus	9.26815941940512	9.25566443040812	9.28514173112218	-0.835222767835027	6.084173709103	-0.124240823790754	0.446829272558308	0.402340926489733	0.673333817938486	0.56313945183465	0.812331908775712
k__Bacteria;p__Firmicutes;c__Bacilli;o__Gemellales;f__Gemellaceae;g__	2.24301553707207	5.4695368304007	-0.0299122105567786	-5.29728821449747	6.65187230140572	-0.736015556803536	0.211914096772607	0.00776982990448077	0.0471704947162635	0.00584190338786594	0.0435201081689136
k__Bacteria;p__Firmicutes;c__Bacilli;o__Gemellales;f__Gemellaceae;g__Gemella	0.223657886888454	0.905560538624416	-0.297978935990853	-2.24590516271738	6.50437067395174	-0.332073594054075	0.363281261743461	0.172525050680734	0.373098577544025	0.259102583694845	0.484279287567775
k__Bacteria;p__Firmicutes;c__Bacilli;o__Lactobacillales;f__;g__	-0.606387222917535	-0.53484598922522	-0.71677731105339	-0.258017401777972	5.01397334224458	-0.0369742361932192	0.476562501866746	0.567948906430513	0.76161028941406	0.555131897355156	0.76045121763106
k__Bacteria;p__Firmicutes;c__Bacilli;o__Lactobacillales;f__Aerococcaceae;g__	-0.0946223544624694	0.158209741450078	-0.327978565513035	-1.14930188849289	5.9131967199149	-0.195098482754424	0.408780495289325	0.386401602037398	0.599307218211218	0.466478381078719	0.693517327584096
k__Bacteria;p__Firmicutes;c__Bacilli;o__Lactobacillales;f__Aerococcaceae;g__Abiotrophia	-0.618181178780928	-0.289844646874926	-0.952899725069337	-0.693954953760049	4.96908756077888	-0.136520099457979	0.430664068118364	0.412205197469244	0.616719510171885	0.424822033804465	0.641253774438476
k__Bacteria;p__Firmicutes;c__Bacilli;o__Lactobacillales;f__Aerococcaceae;g__Aerococcus	-0.908317132036025	-1.08894931398979	-0.707284878058736	0.453344120501813	4.2458294059339	0.079350503190805	0.456054691019647	0.485698414477465	0.687771017790743	0.501961886107176	0.70547242207915
k__Bacteria;p__Firmicutes;c__Bacilli;o__Lactobacillales;f__Aerococcaceae;g__Alloiococcus	4.26218888006687	4.34846652944154	4.18063590523309	-0.500809997276608	9.67623344566875	-0.0509288983922237	0.478515626710582	0.794734849049433	0.909041558188416	0.842260944827464	0.936449602746741
k__Bacteria;p__Firmicutes;c__Bacilli;o__Lactobacillales;f__Aerococcaceae;g__Facklamia	-0.632454094594046	-0.603911955467303	-0.682995338803583	-0.15917535940298	5.03253426005208	-0.0269547931349194	0.487304688509583	0.510210925801346	0.712415441767856	0.5311129737489	0.748676253595482
k__Bacteria;p__Firmicutes;c__Bacilli;o__Lactobacillales;f__Carnobacteriaceae;g__Carnobacterium	-0.873761742217681	-0.697554856271836	-1.03540501566679	-0.254100878536532	4.6221031569962	-0.0534730612946744	0.471679689757939	0.529132994715437	0.706736601528228	0.527437105488016	0.720128789805229
k__Bacteria;p__Firmicutes;c__Bacilli;o__Lactobacillales;f__Carnobacteriaceae;g__Desemzia	-0.660826888951274	-0.686282585148115	-0.637928454603991	0.184456378018751	4.33767470369273	0.0366551209849088	0.478048782232291	0.46146245567736	0.67065781482608	0.497986870516078	0.7080067767003
k__Bacteria;p__Firmicutes;c__Bacilli;o__Lactobacillales;f__Carnobacteriaceae;g__Granulicatella	1.45656945679613	6.40825399840591	0.0370124572838648	-5.63286522561416	7.29689326584827	-0.705753296017704	0.258536610343433	0.0161130342283193	0.0757856041319074	0.0267819428873564	0.124087204603831
k__Bacteria;p__Firmicutes;c__Bacilli;o__Lactobacillales;f__Enterococcaceae;g__Enterococcus	1.7805472056974	-0.597118917614758	11.8873243869813	11.8317509739056	6.21232384336205	1.42104259894272	0.133658599320431	2.63330236808806e-05	0.000932252464333092	0.000129496805141134	0.00500715524178282
k__Bacteria;p__Firmicutes;c__Bacilli;o__Lactobacillales;f__Lactobacillaceae;g__	-0.786726941067864	-0.949299415271518	-0.634631062003682	0.448441998729088	4.32923159882567	0.0962284932794896	0.458007815860944	0.511129482310321	0.702790782374134	0.51223848027947	0.718502996433889
k__Bacteria;p__Firmicutes;c__Bacilli;o__Lactobacillales;f__Lactobacillaceae;g__Lactobacillus	8.43308109671002	9.65027005226019	3.27662095188495	-5.63157944225831	6.81384686613563	-0.72816197929313	0.197073208693336	0.00723549972500596	0.0535196206005543	0.00205229559805474	0.0250370667032521
k__Bacteria;p__Firmicutes;c__Bacilli;o__Lactobacillales;f__Leuconostocaceae;g__Leuconostoc	-0.589039350504521	-0.542749962026983	-0.647998673056192	-0.113294893383931	5.20309411838591	-0.0195385476093042	0.485351563665153	0.571883962611587	0.759109040719652	0.561815958561141	0.757607009367613
k__Bacteria;p__Firmicutes;c__Bacilli;o__Lactobacillales;f__Streptococcaceae;g__	9.30648160232657	9.92047974946615	7.98995002991639	-2.2410795681072	5.94042639225144	-0.372202364112346	0.276097583189621	0.0354741601437178	0.161156657613108	0.0249443338049364	0.134527585975289
k__Bacteria;p__Firmicutes;c__Bacilli;o__Lactobacillales;f__Streptococcaceae;g__Lactococcus	-0.228972744562546	-0.109830904229177	-0.380890487547504	-0.428510242223726	6.88928280390047	-0.0589513746067259	0.458536588677415	0.513240279818977	0.72286244248352	0.587877967655844	0.774213320704519
k__Bacteria;p__Firmicutes;c__Bacilli;o__Lactobacillales;f__Streptococcaceae;g__Streptococcus	8.98214154185489	11.7271046673069	3.13904137685566	-7.24212202594443	7.30843456986929	-0.843083834621625	0.219512227585789	0.00320686054166977	0.0314535136026967	0.00379937192697054	0.0379238786665972
k__Bacteria;p__Firmicutes;c__Clostridia;o__Clostridiales;f__;g__	1.04914319307098	2.49975875548377	-0.00764344079782475	-2.7333470043144	7.05811313768907	-0.348176579985195	0.337560990014418	0.19051226583091	0.421644195044134	0.175036131158773	0.402290384674683
k__Bacteria;p__Firmicutes;c__Clostridia;o__Clostridiales;f__Clostridiaceae;g__	-0.799340520423444	-0.89800970782049	-0.687842861430141	0.231943803125318	4.37575626044408	0.0461146564536458	0.477539064288644	0.477464680833066	0.681189610503283	0.491889494273046	0.703713640485822
k__Bacteria;p__Firmicutes;c__Clostridia;o__Clostridiales;f__Clostridiaceae;g__Caloramator	0.690540257481505	-0.61468363029864	7.47970429262905	6.78074571622263	7.90818623509346	0.753542791611273	0.242187527909304	0.0133864209622475	0.0679097265086433	0.019986409483533	0.0977121608159848
k__Bacteria;p__Firmicutes;c__Clostridia;o__Clostridiales;f__Clostridiaceae;g__Clostridium	1.79847593959353	-0.692122301691881	9.98640459507633	10.302066586402	5.3966984074487	1.46929536481991	0.122926898619343	8.62321653508068e-05	0.00134495720007883	9.32990734665443e-05	0.00420650033396112
k__Bacteria;p__Firmicutes;c__Clostridia;o__Clostridiales;f__Clostridiaceae;g__Thermoanaerobacterium	0.711020745732373	-0.618459117550317	6.51260560457192	6.02480944533974	6.35953694408339	0.815061573512115	0.20410159869071	0.0108137692861179	0.0557700003760826	0.00699377484641695	0.0474572095733343
k__Bacteria;p__Firmicutes;c__Clostridia;o__Clostridiales;f__Lachnospiraceae;g__	1.05982058333038	3.57382422303888	-0.234244068525209	-3.549363153569	7.36796465897513	-0.409582001296714	0.32226564116801	0.0967941559737457	0.269264863782061	0.111470550111166	0.306018956338022
k__Bacteria;p__Firmicutes;c__Clostridia;o__Clostridiales;f__Lachnospiraceae;g__Blautia	-0.517021340687865	-0.676015254040243	-0.320411534576923	0.520777349130061	4.44051886338798	0.104175671760535	0.450195316497786	0.458593842309182	0.662668110522198	0.467643417014878	0.680025484540386
k__Bacteria;p__Firmicutes;c__Clostridia;o__Clostridiales;f__Lachnospiraceae;g__Butyrivibrio	-0.854760389348466	-0.722974620820699	-1.03884472406909	-0.258013927997919	4.51223337255119	-0.0479114569548878	0.481445313976627	0.506039476967289	0.694876371321045	0.498184776746524	0.702904623327097
k__Bacteria;p__Firmicutes;c__Clostridia;o__Clostridiales;f__Lachnospiraceae;g__Catonella	-0.386793284261687	0.0909128157040531	-0.948332526971591	-1.28491424949306	5.43820953731003	-0.21946421210366	0.392195130918958	0.262453411566264	0.463695284523423	0.34746593779292	0.55574269649107
k__Bacteria;p__Firmicutes;c__Clostridia;o__Clostridiales;f__Lachnospiraceae;g__Coprococcus	-0.514907967407749	-0.385551869722863	-0.68009307116346	-0.581661768885526	5.85167108216239	-0.0855990073062736	0.454101566178678	0.551777631395511	0.746463384172454	0.523932070092785	0.733635388232478
k__Bacteria;p__Firmicutes;c__Clostridia;o__Clostridiales;f__Lachnospiraceae;g__Lachnoanaerobaculum	-0.712007846774289	-0.681195227065048	-0.76268847559306	-0.12247370241365	5.17697179571362	-0.0207158743982246	0.487304688509583	0.566457276399441	0.753285566768141	0.559716100554389	0.763328007038622
k__Bacteria;p__Firmicutes;c__Clostridia;o__Clostridiales;f__Lachnospiraceae;g__Moryella	-0.0987083293414148	0.643788741102436	-0.721885389143199	-1.69799390983154	7.01798101954616	-0.232355925947122	0.389648446719007	0.299617617717138	0.522383368151227	0.317951059740836	0.532936417933048
k__Bacteria;p__Firmicutes;c__Clostridia;o__Clostridiales;f__Lachnospiraceae;g__Oribacterium	0.11721747519822	1.45723813436198	-0.781403626340905	-2.98791849125657	6.64132683935306	-0.393497930441554	0.327148453101553	0.159945493271727	0.369126535420508	0.15806863588247	0.365434071893641
k__Bacteria;p__Firmicutes;c__Clostridia;o__Clostridiales;f__Lachnospiraceae;g__Shuttleworthia	-0.74436272581238	-0.812417203648706	-0.671868229513247	0.120334229273229	5.13825410361069	0.0217217708823156	0.487804879016647	0.566839040880322	0.747775876995479	0.534111892936421	0.737068208104666
k__Bacteria;p__Firmicutes;c__Clostridia;o__Clostridiales;f__Lachnospiraceae;g__[Ruminococcus]	-0.827700228777018	-0.992901624903618	-0.633885837902598	0.3762795624701	4.18994691091219	0.0717437317046177	0.447265629238093	0.460366926460961	0.659905918074317	0.493909581748961	0.702288890519425
k__Bacteria;p__Firmicutes;c__Clostridia;o__Clostridiales;f__Peptococcaceae;g__Peptococcus	-0.381037549741501	0.18328678089923	-0.906190826310858	-1.6264628130018	5.52763413965236	-0.279794284557135	0.375976573002695	0.257556764772557	0.462435165317581	0.319652974734478	0.53615343381558
k__Bacteria;p__Firmicutes;c__Clostridia;o__Clostridiales;f__Peptostreptococcaceae;g__	-0.874536008132669	-0.837961342171518	-0.942017308058512	-0.211481861777601	4.41240194843647	-0.050112797004105	0.478048782232291	0.530365656878645	0.719691302572182	0.543990662978536	0.741032821997269
k__Bacteria;p__Firmicutes;c__Clostridia;o__Clostridiales;f__Peptostreptococcaceae;g__Filifactor	0.1517461153882	0.578252106863168	-0.267151997340306	-1.1105348225183	5.59973238933105	-0.178874433185031	0.41992188153157	0.41735959390384	0.623510424147578	0.436924681195776	0.651337276629769
k__Bacteria;p__Firmicutes;c__Clostridia;o__Clostridiales;f__Peptostreptococcaceae;g__Peptostreptococcus	-0.79479878414125	-0.684634886162523	-0.932228853359687	-0.323339865823888	4.795337161344	-0.0553945437134617	0.467317075774195	0.489963875621987	0.677084760993117	0.508963406621007	0.703450242574012
k__Bacteria;p__Firmicutes;c__Clostridia;o__Clostridiales;f__Ruminococcaceae;g__	-0.739513372233157	-0.8594397023107	-0.59197744734796	0.426525979284383	4.31227607194539	0.0808150961990883	0.460937503123472	0.509455625839588	0.698899449578751	0.516390691074317	0.713733965493332
k__Bacteria;p__Firmicutes;c__Clostridia;o__Clostridiales;f__Ruminococcaceae;g__Oscillospira	-0.785142879055829	-1.09373180516001	-0.346054420799637	0.865392183093144	4.27028916368531	0.181612501195406	0.410156257378367	0.41771308834214	0.615880301125727	0.399412534231356	0.611922156313851
k__Bacteria;p__Firmicutes;c__Clostridia;o__Clostridiales;f__Ruminococcaceae;g__Ruminococcus	-0.853579515490102	-1.0313067026441	-0.635086100021026	0.470539650609473	4.78384183758567	0.0842751926144376	0.454634149969653	0.496377013805998	0.684723137998425	0.498339596019901	0.706228265240731
k__Bacteria;p__Firmicutes;c__Clostridia;o__Clostridiales;f__Veillonellaceae;g__	1.89071811547321	-0.203298649438807	6.63900673318008	6.10480429188765	6.97795442810922	0.756738115223542	0.251707343213275	0.0141931125196136	0.0751758839240834	0.0195503896110362	0.105670374649425
k__Bacteria;p__Firmicutes;c__Clostridia;o__Clostridiales;f__Veillonellaceae;g__Dialister	0.557654322238902	2.18792548557867	-0.419863972865439	-3.08719663510015	6.36954907779406	-0.449649763142275	0.326171890713866	0.0866926039588435	0.246208915375392	0.108687511737428	0.297056392453617
k__Bacteria;p__Firmicutes;c__Clostridia;o__Clostridiales;f__Veillonellaceae;g__Megasphaera	-0.112568515278551	0.504669863031603	-0.741488907626719	-1.65434350975589	6.75865340124465	-0.223905405678037	0.3931707405861	0.277948898480865	0.505976200311606	0.326878785707414	0.551229829611171
k__Bacteria;p__Firmicutes;c__Clostridia;o__Clostridiales;f__Veillonellaceae;g__Selenomonas	0.122823425722288	0.531754581773216	-0.293205163820467	-1.16488623379579	6.78951600906621	-0.164121836589742	0.417560982331367	0.362659133262962	0.596151318978814	0.466451170811899	0.674596107075819
k__Bacteria;p__Firmicutes;c__Clostridia;o__Clostridiales;f__Veillonellaceae;g__Thermosinus	-0.770419809303558	-0.938368590902268	-0.512720728687185	0.59047945850664	4.54224037749634	0.115198737330232	0.443359379559906	0.469693671968948	0.666441242293392	0.477694830075936	0.694583142865468
k__Bacteria;p__Firmicutes;c__Clostridia;o__Clostridiales;f__Veillonellaceae;g__Veillonella	4.81498789535477	10.3036893266529	0.821086369596171	-7.28671967967903	8.85251506381681	-0.71550538347032	0.261718774501448	0.0146892450575438	0.0824713206365273	0.0256769588564783	0.128294510531852
k__Bacteria;p__Firmicutes;c__Clostridia;o__Clostridiales;f__[Mogibacteriaceae];g__	-0.171613489299419	0.893434036834869	-1.01296357772743	-2.89749477123243	5.47817400549004	-0.466384935799732	0.314146358568233	0.0939379503013198	0.240087332959498	0.1227283756753	0.29491147160473
k__Bacteria;p__Firmicutes;c__Clostridia;o__Clostridiales;f__[Mogibacteriaceae];g__Anaerovorax	-0.76341007296301	-0.673036862084558	-0.854191387391966	-0.272598602821123	4.36039347621993	-0.0501319861723848	0.476562501866746	0.522339259495798	0.714727481839257	0.535961905757304	0.732457480724912
k__Bacteria;p__Firmicutes;c__Clostridia;o__Clostridiales;f__[Mogibacteriaceae];g__Mogibacterium	-0.15815376727943	-0.0840628801380037	-0.272990321706502	-0.248193085824697	5.80100321444244	-0.0408235160720196	0.475585939444892	0.600059699868623	0.788543864276725	0.6027060163285	0.805964085824412
k__Bacteria;p__Firmicutes;c__Clostridia;o__Clostridiales;f__[Tissierellaceae];g__1-68	-0.607950966339843	-0.360347719094175	-0.933159912816682	-0.74529028710534	4.95427159824616	-0.148247146979114	0.428710943283105	0.395389876313209	0.59905957892657	0.423504307476859	0.639515493685945
k__Bacteria;p__Firmicutes;c__Clostridia;o__Clostridiales;f__[Tissierellaceae];g__Anaerococcus	3.21260868803737	3.07123302561682	3.44917014054113	-1.09353466501726	8.07879568319536	-0.116780859086753	0.451171878917873	0.58455464810474	0.785815437736839	0.641559183578046	0.840656570773438
k__Bacteria;p__Firmicutes;c__Clostridia;o__Clostridiales;f__[Tissierellaceae];g__Finegoldia	1.25459533320088	1.3414964949073	1.18583866429249	-1.26741435328994	7.96879679212196	-0.144234039545265	0.420487811348411	0.423282210073933	0.646615548053791	0.487874190180563	0.719783750312827
k__Bacteria;p__Firmicutes;c__Clostridia;o__Clostridiales;f__[Tissierellaceae];g__Helcococcus	-0.70251270854094	-0.603055665014185	-0.823465298218128	-0.384516973239414	5.01258119695852	-0.0584954534688735	0.461463417709051	0.438735794148338	0.64396681163779	0.516328714828095	0.725700634254388
k__Bacteria;p__Firmicutes;c__Clostridia;o__Clostridiales;f__[Tissierellaceae];g__Parvimonas	-0.459874956297531	0.161230231756749	-1.04383802825527	-1.50297928005839	5.16835573037079	-0.256433341973987	0.370731718304786	0.262833385822359	0.464679152196521	0.305636713867246	0.509910774674092
k__Bacteria;p__Firmicutes;c__Clostridia;o__Clostridiales;f__[Tissierellaceae];g__Peptoniphilus	0.74074537443467	2.10070654432535	-0.0843688410899279	-2.6917214139588	7.46123537836801	-0.354657770031971	0.340820326577224	0.144632280119006	0.349482499181539	0.162672640794459	0.387206969798062
k__Bacteria;p__Firmicutes;c__Clostridia;o__Clostridiales;f__[Tissierellaceae];g__Sporanaerobacter	0.337160411493103	-0.708003532691936	3.40017627382907	4.17929513843085	6.01769673145937	0.653431447624545	0.240000028265666	0.0237154103588157	0.103341070077418	0.0195977522740884	0.0970623057451372
k__Bacteria;p__Firmicutes;c__Clostridia;o__Clostridiales;f__[Tissierellaceae];g__WAL_1855D	-0.941157450327989	-0.960945142536598	-0.905366242685721	-0.0621741029743061	4.37075327354382	-0.0139103222153515	0.491707317731109	0.508313555686706	0.699577337782426	0.52435640361545	0.729011557089105
k__Bacteria;p__Firmicutes;c__Erysipelotrichi;o__Erysipelotrichales;f__Erysipelotrichaceae;g__	-0.849665010341395	-0.98527391126483	-0.697988129247604	0.301832377025726	4.40189203152876	0.0567921913393845	0.470703127336327	0.481420055390434	0.678718049569767	0.507092207622716	0.707961183544314
k__Bacteria;p__Firmicutes;c__Erysipelotrichi;o__Erysipelotrichales;f__Erysipelotrichaceae;g__Bulleidia	0.569346574183664	2.22131998775735	-0.36530617673507	-3.4541652784811	6.72481369019784	-0.457315973656034	0.314453142100909	0.0986482991809923	0.271447959652942	0.132226650338764	0.329306380200808
k__Bacteria;p__Fusobacteria;c__Fusobacteriia;o__Fusobacteriales;f__Fusobacteriaceae;g__Fusobacterium	3.34252672460749	8.80142243274066	1.35250068957944	-5.9633829788935	8.09702745096333	-0.703170673981387	0.236328154026864	0.0103409669138963	0.0641667397717191	0.0121756036249415	0.0770473748512861
k__Bacteria;p__Fusobacteria;c__Fusobacteriia;o__Fusobacteriales;f__Leptotrichiaceae;g__	-0.672808368579698	-0.530705638427926	-0.804842561251302	-0.382488627746828	5.41778974280362	-0.0688832280027484	0.469268295129743	0.538008272692659	0.737508523543781	0.578039926978741	0.771719584830747
k__Bacteria;p__Fusobacteria;c__Fusobacteriia;o__Fusobacteriales;f__Leptotrichiaceae;g__Leptotrichia	1.76833048158603	5.93663120674696	-0.0934048131466483	-6.11178843966041	7.35393553728453	-0.766905660478392	0.229268323063963	0.00920623152429484	0.0534384383219017	0.0114747519357759	0.0694620270961956
k__Bacteria;p__GN02;c__BD1-5;o__;f__;g__	-0.774880517470702	-0.614191351906854	-0.971252202894563	-0.355049129822317	4.89308871300145	-0.0772771347464034	0.458984378281711	0.513551996547614	0.704999663947713	0.554093373577541	0.743786727789359
k__Bacteria;p__Proteobacteria;c__Alphaproteobacteria;o__BD7-3;f__;g__	-0.878637819680522	-1.04280748551028	-0.597168383290058	0.300538666353474	4.3078638794101	0.0576462299535928	0.459960940702554	0.502323735906272	0.700247677633768	0.521056664300585	0.729795407841618
k__Bacteria;p__Proteobacteria;c__Alphaproteobacteria;o__Caulobacterales;f__Caulobacteraceae;g__	-0.661832068779939	-0.683404113222272	-0.62341376581835	-0.0233582273858097	4.98602649618023	-0.00330167781776464	0.498046875155223	0.528268657352816	0.730208853192416	0.532120215563594	0.748628044002988
k__Bacteria;p__Proteobacteria;c__Alphaproteobacteria;o__Caulobacterales;f__Caulobacteraceae;g__Brevundimonas	-0.795111178059578	-1.11163877154723	-0.308854193595136	0.905883351205869	4.28794625979447	0.180098863086768	0.411132819792906	0.413953777154579	0.615085559368238	0.413960080462122	0.634260518622425
k__Bacteria;p__Proteobacteria;c__Alphaproteobacteria;o__Caulobacterales;f__Caulobacteraceae;g__Mycoplana	-0.780375091904772	-0.610943371092973	-0.980621301391246	-0.32574267893486	4.24177231960725	-0.0610190451517357	0.464843752807848	0.477601479113567	0.686253879674395	0.5105316731859	0.717429107233551
k__Bacteria;p__Proteobacteria;c__Alphaproteobacteria;o__Rhizobiales;f__;g__	-0.00291595739615325	-0.685773868309716	1.76997487532221	3.15196253916618	5.72245171972152	0.502053623261971	0.298536604442604	0.0998246401560027	0.258665391357301	0.0980951533723884	0.264455519248856
k__Bacteria;p__Proteobacteria;c__Alphaproteobacteria;o__Rhizobiales;f__Aurantimonadaceae;g__	-0.823677125541723	-0.980105112310587	-0.608394094231778	0.353652737472582	4.39020232565606	0.0687254860291238	0.461463417709051	0.518436930350502	0.713614250804771	0.554198490537932	0.755708226833508
k__Bacteria;p__Proteobacteria;c__Alphaproteobacteria;o__Rhizobiales;f__Beijerinckiaceae;g__Beijerinckia	-0.764707532417679	-0.951514882914031	-0.507455231509685	0.365803755470384	4.06201492780874	0.0760856706027672	0.459960940702554	0.459594364544143	0.660162993778337	0.488452531913305	0.6911296959556
k__Bacteria;p__Proteobacteria;c__Alphaproteobacteria;o__Rhizobiales;f__Bradyrhizobiaceae;g__Afipia	-0.844426900892493	-0.740259292665661	-0.943794596783786	-0.315909990156513	4.5111047198216	-0.0633926703442766	0.471219514485517	0.534780320329452	0.717998785070646	0.542792745166914	0.736447081805917
k__Bacteria;p__Proteobacteria;c__Alphaproteobacteria;o__Rhizobiales;f__Brucellaceae;g__Ochrobactrum	-0.773553015056827	-1.05350532527468	-0.331227716393425	0.798120434210356	4.4758848040116	0.160696143890982	0.418945319115497	0.478605903542823	0.678172664405143	0.429627099816611	0.651070794696057
k__Bacteria;p__Proteobacteria;c__Alphaproteobacteria;o__Rhizobiales;f__Hyphomicrobiaceae;g__Devosia	-0.645989955060677	-1.00749795257175	-0.169981573365463	1.21714152524897	5.64600852501536	0.211980883641176	0.396484383595081	0.29042467590572	0.506943430581021	0.372482938440647	0.597091295276916
k__Bacteria;p__Proteobacteria;c__Alphaproteobacteria;o__Rhizobiales;f__Methylobacteriaceae;g__	-0.196423006453202	-0.00553541337099883	-0.398196281188211	-0.46272599424531	4.85724929007815	-0.10086149597118	0.449218754077792	0.537794453465533	0.727363224654429	0.568173303073598	0.756620457903125
k__Bacteria;p__Proteobacteria;c__Alphaproteobacteria;o__Rhizobiales;f__Methylobacteriaceae;g__Methylobacterium	-0.255644352250879	-0.563514849780844	0.232463252060024	0.863370970774243	5.4064652461891	0.139641922471397	0.428292688733938	0.480266977500276	0.677362856414615	0.489081934788231	0.695873428196551
k__Bacteria;p__Proteobacteria;c__Alphaproteobacteria;o__Rhizobiales;f__Methylocystaceae;g__Methylopila	-0.875966407270536	-0.825321658005824	-0.956173451054964	-0.200071080729125	4.41405647200819	-0.0356208193005675	0.480468751554576	0.539084807538646	0.734039774708304	0.533191794695693	0.74410794883668
k__Bacteria;p__Proteobacteria;c__Alphaproteobacteria;o__Rhizobiales;f__Phyllobacteriaceae;g__	-0.345299797460255	-0.841560272091739	0.534389907755941	2.04075307481438	6.47541077769668	0.308326597361174	0.346341476873613	0.171578934750297	0.375072957282214	0.213688619238337	0.435053772742166
k__Bacteria;p__Proteobacteria;c__Alphaproteobacteria;o__Rhizobiales;f__Phyllobacteriaceae;g__Phyllobacterium	-0.531605136698043	-0.976885047572243	0.17859274393615	1.81926275958869	5.45137689223716	0.300510536320881	0.372070323379125	0.214900629359504	0.396029853540673	0.257804226598596	0.472637221647779
k__Bacteria;p__Proteobacteria;c__Alphaproteobacteria;o__Rhizobiales;f__Rhizobiaceae;g__Agrobacterium	0.884570336172408	-0.530824679561284	3.9830207882976	3.71281879580658	5.23715736149552	0.622734777633197	0.216585398975321	0.0252896623043009	0.0984171215303291	0.0116382555629453	0.0664124105732023
k__Bacteria;p__Proteobacteria;c__Alphaproteobacteria;o__Rhodobacterales;f__Rhodobacteraceae;g__Amaricoccus	-0.886152947070977	-0.824629017661508	-0.945236822629094	-0.218796480696476	4.8150069909371	-0.0386396305778829	0.476562501866746	0.529118874549307	0.716498244565787	0.546212309612124	0.736671891175324
k__Bacteria;p__Proteobacteria;c__Alphaproteobacteria;o__Rhodobacterales;f__Rhodobacteraceae;g__Paracoccus	-0.184776211301311	0.158946727410804	-0.508186248221877	-0.914603171180254	5.7211712762682	-0.156871558198021	0.419512201675904	0.443911469893852	0.662631493335755	0.475387162921441	0.693219905110693
k__Bacteria;p__Proteobacteria;c__Alphaproteobacteria;o__Rhodobacterales;f__Rhodobacteraceae;g__Rhodobacter	-0.751212808345707	-0.824227989096064	-0.643489555227159	-0.00349539443844993	4.37633859000037	-0.000680639680856678	0.499512195160643	0.504776921199281	0.70517250226246	0.534000660979086	0.738006154333572
k__Bacteria;p__Proteobacteria;c__Alphaproteobacteria;o__Rhodobacterales;f__Rhodobacteraceae;g__Rubellimicrobium	-0.744142523961125	-0.943320260258284	-0.497998634587102	0.475343012242837	4.26748726331014	0.0998026538987126	0.450731711263243	0.49315967780926	0.68262673442367	0.500557401530235	0.697210437805835
k__Bacteria;p__Proteobacteria;c__Alphaproteobacteria;o__Rhodospirillales;f__Acetobacteraceae;g__	-0.617446326523698	-0.785827510704317	-0.393631282835532	0.562164344914253	5.11860780215686	0.0947946594498861	0.45507812859912	0.47084454369776	0.677643201985554	0.486456408407406	0.70279540628856
k__Bacteria;p__Proteobacteria;c__Alphaproteobacteria;o__Rickettsiales;f__;g__	-0.893963423980884	-0.818189924581688	-0.976799073601862	-0.23521540461358	4.66676450716821	-0.0544594428980017	0.475121953197682	0.526742333132207	0.719145993440605	0.558091917990184	0.762856680394769
k__Bacteria;p__Proteobacteria;c__Alphaproteobacteria;o__Rickettsiales;f__mitochondria;g__	-0.890390320964901	-0.878110799450508	-0.904600976300214	-0.0820161112249398	4.61317537232771	-0.0142839484407301	0.493164063043373	0.500390765325076	0.694946839258	0.541870678795992	0.743235525578773
k__Bacteria;p__Proteobacteria;c__Alphaproteobacteria;o__Rickettsiales;f__mitochondria;g__Spirodela	-0.893018166863394	-0.845626060375799	-0.961291488503004	-0.334959058787467	4.53280305914671	-0.0648682027138501	0.474609377023082	0.536457136885325	0.727193642374695	0.537367510881872	0.741548924682736
k__Bacteria;p__Proteobacteria;c__Alphaproteobacteria;o__Sphingomonadales;f__Erythrobacteraceae;g__	-0.781174161325748	-0.936733705385693	-0.579946491727164	0.432219748559458	4.68625600297633	0.0777580567761182	0.460487808031765	0.483302653234044	0.682753543560596	0.491803453608622	0.696055200278107
k__Bacteria;p__Proteobacteria;c__Alphaproteobacteria;o__Sphingomonadales;f__Sphingomonadaceae;g__	-0.458241321278023	-0.276629856952837	-0.694801441282603	-0.408643947653734	5.20271819264357	-0.0700227533886293	0.454101566178678	0.478878856217697	0.689278196334241	0.48871503602991	0.705599411568076
k__Bacteria;p__Proteobacteria;c__Alphaproteobacteria;o__Sphingomonadales;f__Sphingomonadaceae;g__Kaistobacter	-0.481531236441525	-0.416995647063998	-0.547886612088833	-0.411551011193242	5.46139260863033	-0.0650386200708578	0.463867190386652	0.519275903355434	0.719126279487354	0.567821540432992	0.75940021089228
k__Bacteria;p__Proteobacteria;c__Alphaproteobacteria;o__Sphingomonadales;f__Sphingomonadaceae;g__Novosphingobium	-0.780550166461285	-0.943631687696026	-0.629671760929106	0.505081669296185	4.57386966390579	0.0991990189639395	0.457031253440255	0.518239974556136	0.715878416015655	0.498706192040473	0.714929132019602
k__Bacteria;p__Proteobacteria;c__Alphaproteobacteria;o__Sphingomonadales;f__Sphingomonadaceae;g__Sphingobium	-0.671841967766944	-0.644843158992133	-0.680425975300404	-0.0502543294463322	4.37375096005668	-0.011015568350551	0.494140625465725	0.516892884148276	0.712694259542585	0.545998889109254	0.743537951557615
k__Bacteria;p__Proteobacteria;c__Alphaproteobacteria;o__Sphingomonadales;f__Sphingomonadaceae;g__Sphingomonas	1.34543523841991	0.301932793788987	6.14716987312017	3.63798728869776	7.01013876435263	0.497156130850075	0.286132833302603	0.0764494007516329	0.235293761577548	0.0439735583149799	0.175616804111123
k__Bacteria;p__Proteobacteria;c__Betaproteobacteria;o__;f__;g__	-0.807205199024548	-0.865753583628454	-0.717039281579005	0.285148521984874	4.69454171598814	0.048179395814532	0.474146343519569	0.50750816827769	0.704699223593058	0.508279243659086	0.72364270095026
k__Bacteria;p__Proteobacteria;c__Betaproteobacteria;o__Burkholderiales;f__Alcaligenaceae;g__	-0.642274277454387	-0.573576814915168	-0.723858726303618	-0.0888282334471748	5.03026294920527	-0.0174709302505781	0.489257813354107	0.526024421358075	0.720468807259391	0.502147339387245	0.723026300562787
k__Bacteria;p__Proteobacteria;c__Betaproteobacteria;o__Burkholderiales;f__Alcaligenaceae;g__Achromobacter	-0.134620021268086	-0.791149204433917	1.64773682453961	3.09795733750293	6.34543545579572	0.438383236881367	0.321951235685502	0.128443599286238	0.308895126413944	0.128184811499287	0.316194050156925
k__Bacteria;p__Proteobacteria;c__Betaproteobacteria;o__Burkholderiales;f__Alcaligenaceae;g__Alcaligenes	-0.724178657719994	-0.772913790093158	-0.695272123788047	0.118450668363465	4.8759391697695	0.021799071264863	0.485351563665153	0.572886436107947	0.764076054927102	0.565318202520515	0.766089849357133
k__Bacteria;p__Proteobacteria;c__Betaproteobacteria;o__Burkholderiales;f__Burkholderiaceae;g__	-0.854470615362186	-0.804082778773533	-0.933726636287227	-0.181421043627133	4.52907259393328	-0.0318373514063025	0.483398438820829	0.504064078964392	0.708340210123761	0.505623671586205	0.720934757214045
k__Bacteria;p__Proteobacteria;c__Betaproteobacteria;o__Burkholderiales;f__Burkholderiaceae;g__Burkholderia	-0.517587464178868	-0.213664464755076	-0.902738188001526	-0.618774706200472	5.06761214279166	-0.107352885469244	0.440000004828602	0.419544261774357	0.622643697129046	0.455228383191595	0.671445320168009
k__Bacteria;p__Proteobacteria;c__Betaproteobacteria;o__Burkholderiales;f__Burkholderiaceae;g__Lautropia	-0.112128359290041	0.566422568922293	-0.747188503407243	-2.07810888792716	5.98286296946173	-0.322433456245717	0.35024391548794	0.166637971362719	0.363735869989922	0.241281346311338	0.458258319081224
k__Bacteria;p__Proteobacteria;c__Betaproteobacteria;o__Burkholderiales;f__Comamonadaceae;g__	0.708606336688289	0.0813670824344292	1.79934881162904	1.7560730510743	6.58109115580863	0.226740309897855	0.397073179256902	0.345668865421725	0.586375103167387	0.319473522136699	0.58104977940968
k__Bacteria;p__Proteobacteria;c__Betaproteobacteria;o__Burkholderiales;f__Comamonadaceae;g__Acidovorax	-0.733142117484467	-0.88140086562054	-0.511460084516589	0.468560905984173	5.38732638145625	0.0755355354055472	0.450195316497786	0.54233774965585	0.730428818660873	0.516538168574354	0.721142692964196
k__Bacteria;p__Proteobacteria;c__Betaproteobacteria;o__Burkholderiales;f__Comamonadaceae;g__Comamonas	-0.78959216991746	-0.926946347874058	-0.617110651683729	0.532719123514084	4.39656375015929	0.111879960043742	0.446829272558308	0.493308633217526	0.694047998379883	0.499204570920662	0.714317304754526
k__Bacteria;p__Proteobacteria;c__Betaproteobacteria;o__Burkholderiales;f__Comamonadaceae;g__Pelomonas	-0.617527376631102	-0.676622022205329	-0.565865557558586	0.0752890998086615	5.03414853974082	0.0127411206507109	0.488281250931834	0.522324626851539	0.721000598757436	0.497447818918266	0.714944922198988
k__Bacteria;p__Proteobacteria;c__Betaproteobacteria;o__Burkholderiales;f__Comamonadaceae;g__Schlegelella	-0.950952294339011	-0.958393513225456	-0.930430381949408	-0.130729516272197	4.75961294018341	-0.0188815882951653	0.486829269338082	0.513217360974773	0.711889362842223	0.540035134070049	0.741832540708781
k__Bacteria;p__Proteobacteria;c__Betaproteobacteria;o__Burkholderiales;f__Comamonadaceae;g__Tepidimonas	-0.863848248072204	-1.00813845617882	-0.684126807927338	0.351861815134784	4.13201305356005	0.0729100359947601	0.464843752807848	0.48125691234325	0.68191352908934	0.486505317299026	0.699987942941446
k__Bacteria;p__Proteobacteria;c__Betaproteobacteria;o__Burkholderiales;f__Oxalobacteraceae;g__	1.40912292109555	-0.157554292546116	5.81194121402431	4.81724810423452	7.36051875484115	0.589114407462276	0.265625023871682	0.0338968285453601	0.137438942851044	0.0274602045952984	0.128812592597422
k__Bacteria;p__Proteobacteria;c__Betaproteobacteria;o__Burkholderiales;f__Oxalobacteraceae;g__Cupriavidus	2.67502307881788	6.11327020243987	1.2708147384214	-2.31800487429596	7.42843756395793	-0.304635493696283	0.337560990014418	0.251507249722476	0.488188087290062	0.139199332143639	0.36899939265964
k__Bacteria;p__Proteobacteria;c__Betaproteobacteria;o__Burkholderiales;f__Oxalobacteraceae;g__Janthinobacterium	-0.745188307009698	-0.963567801110904	-0.47801447301314	0.517991578260087	4.60186241086214	0.115606899721937	0.447265629238093	0.460920222690324	0.64895705556121	0.482034012888945	0.680064822084993
k__Bacteria;p__Proteobacteria;c__Betaproteobacteria;o__Burkholderiales;f__Oxalobacteraceae;g__Ralstonia	-0.256160954081425	-0.122174166340811	-0.36261209983606	-0.577939847978756	6.14209021506209	-0.090952485098658	0.450731711263243	0.524595808746722	0.72983293413321	0.582825106004934	0.785704864427254
k__Bacteria;p__Proteobacteria;c__Betaproteobacteria;o__Neisseriales;f__Neisseriaceae;g__	5.10616490165061	0.624948254630501	7.29384998979643	5.76632539745077	6.40142918321122	0.767323640856897	0.232421904799537	0.00559937392197274	0.0386081693679782	0.00554214870404321	0.0470913495420465
k__Bacteria;p__Proteobacteria;c__Betaproteobacteria;o__Neisseriales;f__Neisseriaceae;g__Chromobacterium	-0.628653035748266	-0.946809044116335	-0.26926347249093	1.29310985029783	6.38370381641987	0.19329922071717	0.403320320481832	0.397967206507952	0.611542757493694	0.449003933842703	0.669382155777474
k__Bacteria;p__Proteobacteria;c__Betaproteobacteria;o__Neisseriales;f__Neisseriaceae;g__Eikenella	-0.665087374079787	-0.699702801684431	-0.625022229246089	0.0920473384916285	4.54899759292609	0.0143511040076942	0.491707317731109	0.472617218875195	0.682167535717808	0.523632342676218	0.725389170881721
k__Bacteria;p__Proteobacteria;c__Betaproteobacteria;o__Neisseriales;f__Neisseriaceae;g__Gulbenkiania	0.473405722745748	-0.767546865875437	6.26862518639811	6.05906360670517	6.06179612000294	0.886430318706852	0.187317113900899	0.00621473614306274	0.0354746789895979	0.00512499526777433	0.0370675113993338
k__Bacteria;p__Proteobacteria;c__Betaproteobacteria;o__Neisseriales;f__Neisseriaceae;g__Kingella	-0.583523089979187	-0.576469663018926	-0.600618430243447	-0.0424536379812981	4.70776640006181	-0.00769355492301428	0.495609756445813	0.528274976000395	0.715082301461388	0.521891527059544	0.729561005189151
k__Bacteria;p__Proteobacteria;c__Betaproteobacteria;o__Neisseriales;f__Neisseriaceae;g__Neisseria	2.61991266828117	8.37851228860492	0.18592680973885	-6.05123612232043	7.77560248685078	-0.757202703048275	0.223632844125854	0.00803949630904603	0.0486706481145413	0.00804680276486119	0.0553973630536789
k__Bacteria;p__Proteobacteria;c__Betaproteobacteria;o__Neisseriales;f__Neisseriaceae;g__Vogesella	0.376165673697955	-0.712188485090188	6.58087019062541	5.90071137124554	6.64493582283936	0.74754982654317	0.244878076138944	0.0237151151413181	0.0806315826940853	0.0209687598027424	0.0932180894367968
k__Bacteria;p__Proteobacteria;c__Betaproteobacteria;o__Rhodocyclales;f__Rhodocyclaceae;g__	1.80810237952284	-0.623138023223817	10.9198910909828	11.007495869903	6.01758759665929	1.35571481518801	0.140487863916251	4.21199817833506e-05	0.00109468831269032	0.000250227150680802	0.0071215517376465
k__Bacteria;p__Proteobacteria;c__Betaproteobacteria;o__Rhodocyclales;f__Rhodocyclaceae;g__KD1-23	-0.730638500214177	-0.936473977854376	-0.480560402631232	0.557088330329615	5.3178874887503	0.0877917238343354	0.450195316497786	0.459370097192418	0.658254679219916	0.520286529152191	0.725732696393291
k__Bacteria;p__Proteobacteria;c__Betaproteobacteria;o__Rhodocyclales;f__Rhodocyclaceae;g__Petrobacter	1.84929662235163	-0.409842946436308	9.1435156570483	8.57052276415768	6.54702501510784	1.03183923819794	0.174804732291203	0.000690458386382908	0.00850071122018874	0.00126871328160804	0.0175311030510937
k__Bacteria;p__Proteobacteria;c__Betaproteobacteria;o__Rhodocyclales;f__Rhodocyclaceae;g__Thauera	-0.0415924389660791	-0.659622396426125	0.925843364934254	2.01900027319196	7.84983264183372	0.283757894799229	0.378906260223309	0.228604811590275	0.464260866148778	0.289812599279755	0.522397056000628
k__Bacteria;p__Proteobacteria;c__Betaproteobacteria;o__SC-I-84;f__;g__	-0.00790980316620615	-0.946187325314227	6.04385043053709	6.70105979080256	7.46264253238557	0.785625226061879	0.245853685717388	0.00864627137747722	0.0539478682881324	0.0335728366972099	0.128169020098353
k__Bacteria;p__Proteobacteria;c__Deltaproteobacteria;o__Myxococcales;f__Polyangiaceae;g__Sorangium	-0.775780173732696	-0.91772712904555	-0.590876901671279	0.464287968872764	4.39289551403171	0.083532850843621	0.452148441338052	0.474208310367906	0.669804186535429	0.488236881264418	0.696985413455078
k__Bacteria;p__Proteobacteria;c__Epsilonproteobacteria;o__Campylobacterales;f__Campylobacteraceae;g__Campylobacter	5.12150108411881	8.56424757251845	0.783701487205551	-5.11625510578387	7.7004397065238	-0.696694854967646	0.223632844125854	0.0124910283659328	0.0709953590201634	0.00927398863023822	0.0619648548839696
k__Bacteria;p__Proteobacteria;c__Epsilonproteobacteria;o__Campylobacterales;f__Helicobacteraceae;g__	-0.989405823365	-1.03538208622921	-0.934098563299624	0.206521324068194	4.24893885597311	0.0429546528727537	0.474609377023082	0.470997813527514	0.668640139866317	0.522025478383834	0.715326469732474
k__Bacteria;p__Proteobacteria;c__Gammaproteobacteria;o__;f__;g__	-0.845354512795942	-0.951703119842794	-0.719351811237994	0.325132166091567	4.69230325427361	0.0626363795786014	0.457560979000355	0.470767358411209	0.680329927174557	0.498150405436128	0.710109489548552
k__Bacteria;p__Proteobacteria;c__Gammaproteobacteria;o__Aeromonadales;f__Aeromonadaceae;g__	-0.89950623690761	-0.697436746606779	-1.0626042529395	-0.273840954679358	4.29079691466189	-0.0451956650292573	0.475121953197682	0.480051634266932	0.673695264129793	0.4825663094001	0.68194337712639
k__Bacteria;p__Proteobacteria;c__Gammaproteobacteria;o__Aeromonadales;f__Aeromonadaceae;g__Aeromonas	-0.884063175045307	-0.866140358864913	-0.915544977614829	0.0360229465849748	4.56763351144423	0.00696272337065645	0.49609375031046	0.561389259462788	0.744686920480885	0.54831022585152	0.759229538520076
k__Bacteria;p__Proteobacteria;c__Gammaproteobacteria;o__Alteromonadales;f__Alteromonadaceae;g__	-0.888843726928688	-0.975627143482289	-0.774003421198744	0.413897687694583	4.64046962145291	0.0826992167164748	0.461914065544462	0.472249534820647	0.667152446260619	0.498816430542153	0.70107709305932
k__Bacteria;p__Proteobacteria;c__Gammaproteobacteria;o__Alteromonadales;f__Alteromonadaceae;g__Marinobacter	-0.892721710013223	-1.04750054018489	-0.668410156412431	0.504555316211878	4.34586084804983	0.0951526588662379	0.450731711263243	0.463917245085339	0.655295121895435	0.465266554918714	0.674454106467095
k__Bacteria;p__Proteobacteria;c__Gammaproteobacteria;o__Alteromonadales;f__Idiomarinaceae;g__	-0.832801837100805	-0.806324315016093	-0.862485759503953	-0.244056032609227	4.29101553996711	-0.044387206997856	0.47949218913256	0.526120130599097	0.711289992310738	0.521393725371567	0.719242446148653
k__Bacteria;p__Proteobacteria;c__Gammaproteobacteria;o__Alteromonadales;f__Shewanellaceae;g__Shewanella	-0.913405373509109	-0.793570980730864	-1.0139163747516	-0.266635083028964	4.73731797993588	-0.0516660039594664	0.46777344007182	0.510093045833022	0.701866914893162	0.519633502788115	0.718817076464719
k__Bacteria;p__Proteobacteria;c__Gammaproteobacteria;o__Alteromonadales;f__[Chromatiaceae];g__	-0.749084246615563	-0.567054588064966	-0.95501857758822	-0.533264025848544	4.73182022147926	-0.0893499082543622	0.452682930616271	0.494976906549143	0.66470023401162	0.513979032298552	0.704744638737782
k__Bacteria;p__Proteobacteria;c__Gammaproteobacteria;o__Alteromonadales;f__[Chromatiaceae];g__Alishewanella	-0.81516533416108	-0.64003507140548	-1.01079423498255	-0.415439573709539	4.71121061275354	-0.0853257230054902	0.458536588677415	0.473738258041632	0.670920274906448	0.499734368542644	0.703954297174918
k__Bacteria;p__Proteobacteria;c__Gammaproteobacteria;o__Alteromonadales;f__[Chromatiaceae];g__Rheinheimera	-0.692495985319514	-0.946291589383226	-0.363685919440817	0.679819589468384	4.78148012904755	0.131000655489813	0.423828131197428	0.44911763589283	0.644112834004776	0.438610383648155	0.650994579032546
k__Bacteria;p__Proteobacteria;c__Gammaproteobacteria;o__Cardiobacteriales;f__Cardiobacteriaceae;g__Cardiobacterium	-0.903800075824217	-0.741601664342721	-1.13084948258357	-0.483263683372358	4.70149309934153	-0.0810300592841321	0.448242191657894	0.494160410555906	0.677334388602962	0.487279883613327	0.687856732916514
k__Bacteria;p__Proteobacteria;c__Gammaproteobacteria;o__Enterobacteriales;f__Enterobacteriaceae;g__	9.00402730445622	2.1074426886016	11.4028083775947	7.14294160149814	7.73495015435336	0.933004061272311	0.142439082435443	0.000546949004529566	0.00803027202331006	0.000176590166990484	0.00610667421475513
k__Bacteria;p__Proteobacteria;c__Gammaproteobacteria;o__Enterobacteriales;f__Enterobacteriaceae;g__Citrobacter	-0.656577792347044	-0.52215443400565	-0.804828660490022	-0.259020180228543	5.80780564284593	-0.03800505753665	0.479024391910576	0.607432791104053	0.792898004447116	0.549689026100444	0.756526792733312
k__Bacteria;p__Proteobacteria;c__Gammaproteobacteria;o__Enterobacteriales;f__Enterobacteriaceae;g__Dickeya	-0.439336552844058	-0.988750830722138	0.453252326813592	2.16389911075679	7.73914555713024	0.307154558927806	0.35058595053869	0.0867490710649141	0.240611998526605	0.214635765039066	0.42475599460586
k__Bacteria;p__Proteobacteria;c__Gammaproteobacteria;o__Enterobacteriales;f__Enterobacteriaceae;g__Enterobacter	-0.293779914068465	-0.111743213168434	-0.512606561523967	-0.530234472568543	6.96852048123056	-0.064229603160759	0.462439027386408	0.652972936306094	0.821024031057943	0.590932570876641	0.779609758200952
k__Bacteria;p__Proteobacteria;c__Gammaproteobacteria;o__Enterobacteriales;f__Enterobacteriaceae;g__Erwinia	-0.504948257202473	-0.887951417393822	0.0121472958910704	0.956504562780222	5.74694879015772	0.168661175041962	0.415039069452839	0.35406640739158	0.579037052244448	0.422174696766399	0.64257433677007
k__Bacteria;p__Proteobacteria;c__Gammaproteobacteria;o__Enterobacteriales;f__Enterobacteriaceae;g__Klebsiella	-0.701645039192417	-0.659698675627459	-0.726005696907746	-0.0621358012800988	5.72239942362754	-0.00887888364933349	0.49463414676712	0.602513149659237	0.789414638220086	0.535643198082475	0.750108030936257
k__Bacteria;p__Proteobacteria;c__Gammaproteobacteria;o__Enterobacteriales;f__Enterobacteriaceae;g__Kluyvera	-0.877214637342437	-1.02222818456579	-0.631654534418757	0.404412529515199	4.70926317188769	0.068563131290726	0.462890627965522	0.497379820323415	0.701533513608642	0.539771739659231	0.739055265143505
k__Bacteria;p__Proteobacteria;c__Gammaproteobacteria;o__Enterobacteriales;f__Enterobacteriaceae;g__Morganella	-0.642414559202926	-0.724332834643117	-0.503470610741308	0.411446493062973	5.81958385981908	0.0655275932921696	0.464843752807848	0.494743496169202	0.700294229880189	0.504754606646965	0.717145575727121
k__Bacteria;p__Proteobacteria;c__Gammaproteobacteria;o__Enterobacteriales;f__Enterobacteriaceae;g__Pantoea	-0.700809202446917	-0.97734196182474	-0.270808411564712	1.16491577302755	5.93448318429977	0.178103079734171	0.397460946006842	0.259705802005112	0.462554567388067	0.388423417599155	0.600544339140839
k__Bacteria;p__Proteobacteria;c__Gammaproteobacteria;o__Enterobacteriales;f__Enterobacteriaceae;g__Proteus	-0.868539406413611	-0.831670681492015	-0.904762060780151	-0.25372577122982	4.69831068973614	-0.045191697497232	0.472656252179604	0.495416176704976	0.69363735148197	0.513714202544727	0.718706808898955
k__Bacteria;p__Proteobacteria;c__Gammaproteobacteria;o__Enterobacteriales;f__Enterobacteriaceae;g__Salmonella	-0.917531895935882	-0.873153202476782	-0.947065656593088	-0.279461173401805	4.7234602299312	-0.0449657060512984	0.467317075774195	0.4934440417375	0.699575698646212	0.502363903714374	0.714506926671784
k__Bacteria;p__Proteobacteria;c__Gammaproteobacteria;o__Enterobacteriales;f__Enterobacteriaceae;g__Serratia	7.82006910753939	1.19122623779125	13.0885033074126	8.82407951737069	8.60443473348358	0.951500705170919	0.183593791941037	0.000938507961823643	0.0127619319136242	0.00134866853319564	0.0195331378018433
k__Bacteria;p__Proteobacteria;c__Gammaproteobacteria;o__Enterobacteriales;f__Enterobacteriaceae;g__Trabulsiella	0.174370211979309	-0.399140864865553	1.02491837318153	2.91368148314685	8.87450838277899	0.365473988810435	0.352539075335561	0.109221195282673	0.288883312450293	0.21599920702584	0.42790734778121
k__Bacteria;p__Proteobacteria;c__Gammaproteobacteria;o__Enterobacteriales;f__Enterobacteriaceae;g__Yersinia	5.53167233885158	1.2516079712387	10.8451316073077	7.86187406550891	8.32752523716376	0.869486092176722	0.186523478547334	0.00379199796838362	0.0300655672160631	0.00161723022579003	0.0214213906386395
k__Bacteria;p__Proteobacteria;c__Gammaproteobacteria;o__Oceanospirillales;f__Halomonadaceae;g__Halomonas	-0.637751231526539	-0.532989577975814	-0.790935588141197	-0.286913789185032	5.17423663323928	-0.0452888384673083	0.476562501866746	0.479329510229904	0.681125144523358	0.512777939712313	0.72244038146779
k__Bacteria;p__Proteobacteria;c__Gammaproteobacteria;o__Oceanospirillales;f__Oceanospirillaceae;g__Marinomonas	-0.828795439043968	-0.73312820124157	-0.949183095423154	-0.183030311276871	4.42112666272667	-0.0351536275832574	0.481445313976627	0.536768775694932	0.724715028887533	0.586199766862607	0.768101688917951
k__Bacteria;p__Proteobacteria;c__Gammaproteobacteria;o__Pasteurellales;f__Pasteurellaceae;g__	-0.515794606974017	-0.00407950540448709	-1.1231830666648	-1.42795890156814	6.11303838484359	-0.226862560036383	0.381463424596111	0.175491852433566	0.361966351768634	0.291755470710731	0.504441643721998
k__Bacteria;p__Proteobacteria;c__Gammaproteobacteria;o__Pasteurellales;f__Pasteurellaceae;g__Actinobacillus	0.166677274540149	1.0292468455438	-0.451382617068234	-2.30439666096391	7.5923369214935	-0.317485718486186	0.36000001204915	0.130997009805612	0.333715032226621	0.226292230846029	0.45610417332977
k__Bacteria;p__Proteobacteria;c__Gammaproteobacteria;o__Pasteurellales;f__Pasteurellaceae;g__Aggregatibacter	-0.0121144854655117	0.905642590410772	-0.740382890181316	-3.0912119312889	7.02979926920342	-0.452810802596097	0.32910157787836	0.0716142365337108	0.219410530888126	0.150082388914866	0.355388312329759
k__Bacteria;p__Proteobacteria;c__Gammaproteobacteria;o__Pasteurellales;f__Pasteurellaceae;g__Avibacterium	-0.269119390944828	0.228469030873099	-0.771988073630785	-1.43637372004378	6.735051030007	-0.212515107904282	0.389648446719007	0.222778697079062	0.433609174687708	0.346333276184088	0.555053004642743
k__Bacteria;p__Proteobacteria;c__Gammaproteobacteria;o__Pasteurellales;f__Pasteurellaceae;g__Chelonobacter	-0.496400534574628	-0.0736306515258924	-0.931787408669802	-1.31351845753056	5.27867122088261	-0.229815685602096	0.401367195656009	0.295823465917976	0.50310927765023	0.367212041066014	0.581666681023161
k__Bacteria;p__Proteobacteria;c__Gammaproteobacteria;o__Pasteurellales;f__Pasteurellaceae;g__Gallibacterium	-0.864563426935836	-0.946322298550733	-0.764062823569272	0.219758108821828	4.8216384717359	0.0431520144007318	0.477539064288644	0.541555228930536	0.734506021694474	0.554629261323034	0.757319415443446
k__Bacteria;p__Proteobacteria;c__Gammaproteobacteria;o__Pasteurellales;f__Pasteurellaceae;g__Haemophilus	2.11302506406023	8.69712909626369	-0.391831152740762	-8.73579656951394	6.60367722431213	-1.14520536715114	0.141463473172528	0.000294529553114978	0.00406642277022277	0.000593069130249188	0.00933652303258148
k__Bacteria;p__Proteobacteria;c__Gammaproteobacteria;o__Pasteurellales;f__Pasteurellaceae;g__Mannheimia	-0.822655275853419	-0.646840757992412	-1.03472751559248	-0.424052579987526	5.02488869539904	-0.0757077915854416	0.454634149969653	0.462988018495638	0.653076605051427	0.4806569030406	0.679609799263356
k__Bacteria;p__Proteobacteria;c__Gammaproteobacteria;o__Pseudomonadales;f__Moraxellaceae;g__	0.47159919049123	1.51175754336249	-0.273498596577296	-2.35736944054722	5.82251607224165	-0.36091110448435	0.341796888971585	0.190898169254625	0.391386432913942	0.199113978606387	0.412124228048545
k__Bacteria;p__Proteobacteria;c__Gammaproteobacteria;o__Pseudomonadales;f__Moraxellaceae;g__Acinetobacter	1.19718996544832	1.21312048792499	1.16426096095037	-1.16397888171085	6.97165372458367	-0.148409700697721	0.427734380865684	0.561726776451617	0.763213670743501	0.494774412897207	0.73595179767694
k__Bacteria;p__Proteobacteria;c__Gammaproteobacteria;o__Pseudomonadales;f__Moraxellaceae;g__Enhydrobacter	-0.241145166115682	0.192090349311356	-0.569614274326348	-1.14257964710539	5.35177059651247	-0.186616258053593	0.403320320481832	0.392265225139805	0.598183456173621	0.424061885222462	0.63976262890468
k__Bacteria;p__Proteobacteria;c__Gammaproteobacteria;o__Pseudomonadales;f__Moraxellaceae;g__Moraxella	-0.099084178059103	0.576002230040524	-0.761063466859628	-1.81177691001589	6.99734575288407	-0.251452820417372	0.374634156952275	0.245641946575225	0.473434428376795	0.295201304238649	0.52273510998655
k__Bacteria;p__Proteobacteria;c__Gammaproteobacteria;o__Pseudomonadales;f__Moraxellaceae;g__Psychrobacter	-0.563529992001598	-0.563015220527213	-0.563996423458358	-0.353947856070214	4.38487256595885	-0.0709412606800253	0.46829268545194	0.528314521613535	0.713112383304397	0.561631107712334	0.748312764690682
k__Bacteria;p__Proteobacteria;c__Gammaproteobacteria;o__Pseudomonadales;f__Pseudomonadaceae;g__	0.05894948747902	0.206622211240381	-0.0883175147935287	-0.68564376156459	7.18863764122323	-0.0855998241778274	0.45507812859912	0.660939931248316	0.823411599965771	0.581875075047496	0.783368306223666
k__Bacteria;p__Proteobacteria;c__Gammaproteobacteria;o__Pseudomonadales;f__Pseudomonadaceae;g__Pseudomonas	5.85372291277573	4.42217844350875	6.67175992416133	2.69705588421187	8.604744567471	0.360570308751751	0.337560990014418	0.0798994562352141	0.264360489169291	0.112105040155629	0.350099233295185
k__Bacteria;p__Proteobacteria;c__Gammaproteobacteria;o__Thiotrichales;f__Piscirickettsiaceae;g__	-0.765984907091042	-0.680522208009172	-0.854429538624429	-0.206638282842173	4.33097989395367	-0.0437924095568573	0.478515626710582	0.489406266582173	0.693789785058003	0.514529737344603	0.718084064220305
k__Bacteria;p__Proteobacteria;c__Gammaproteobacteria;o__Xanthomonadales;f__Xanthomonadaceae;g__	-0.569109612327296	-0.821575053182665	-0.222418317310094	0.988031044273195	6.31252769114774	0.136564701121464	0.418945319115497	0.419933675660312	0.63314895848436	0.460350973733635	0.667954856188863
k__Bacteria;p__Proteobacteria;c__Gammaproteobacteria;o__Xanthomonadales;f__Xanthomonadaceae;g__Pseudoxanthomonas	-0.81965301827761	-0.772541881013518	-0.872915317610996	-0.28642537164867	4.46226894049734	-0.0471180340056014	0.472656252179604	0.521634655794263	0.722824429638976	0.547359633354082	0.749011899744464
k__Bacteria;p__Proteobacteria;c__Gammaproteobacteria;o__Xanthomonadales;f__Xanthomonadaceae;g__Stenotrophomonas	1.20228715951764	-0.444442552537375	7.49941670270196	6.68235679162777	7.25841562179037	0.792700962637868	0.200975646680528	0.0101661606302272	0.0552833778294107	0.00612390905418431	0.0437418652563802
k__Bacteria;p__SR1;c__;o__;f__;g__	0.173154794211586	1.37678724955146	-0.802275896359262	-2.50493857527445	5.72959882251574	-0.392549865078559	0.31317074893099	0.111935314075821	0.271987866629184	0.110747349293206	0.289302328073147
k__Bacteria;p__Spirochaetes;c__Spirochaetes;o__Sphaerochaetales;f__Sphaerochaetaceae;g__Sphaerochaeta	-0.941950450777432	-0.798908781060229	-1.11071567038319	-0.225689263834528	4.4324689203267	-0.0496131025121216	0.476097562875842	0.517207318061306	0.711109979504092	0.506403476381188	0.712967304302747
k__Bacteria;p__Spirochaetes;c__Spirochaetes;o__Spirochaetales;f__Spirochaetaceae;g__Treponema	0.210840681868659	1.41430415176686	-0.597902371602425	-2.88688868912731	6.42754861290532	-0.41265198246892	0.332031265047073	0.0972935139206009	0.24224633212585	0.116830399138666	0.294019222668524
k__Bacteria;p__Synergistetes;c__Synergistia;o__Synergistales;f__;g__	-0.854125450232257	-0.785374130600893	-0.920738221007836	-0.206392384202696	4.20099138961828	-0.0398226331666342	0.471679689757939	0.448442110693095	0.65209928466428	0.445975425124897	0.666877668385991
k__Bacteria;p__Synergistetes;c__Synergistia;o__Synergistales;f__Dethiosulfovibrionaceae;g__Pyramidobacter	-0.75346847309846	-0.700414559101651	-0.831458217834127	-0.216849607346967	4.28425219053157	-0.0467503337188691	0.477073172554045	0.507944672208426	0.70279132067891	0.542596576055075	0.745401983665087
k__Bacteria;p__TM7;c__TM7-3;o__;f__;g__	0.971669773076366	2.28902767144239	0.255283662710264	-4.05717927014574	7.42361833496042	-0.487902628541615	0.325195328326663	0.0570570584960382	0.19495302282963	0.122015008738638	0.332440287578929
k__Bacteria;p__TM7;c__TM7-3;o__CW040;f__;g__	0.547851068336845	2.12515168935052	-0.408316607932813	-2.79023863784377	6.24185905741136	-0.403381144356202	0.322926845327491	0.150077066797383	0.344393051196963	0.127502180114353	0.329778621629437
k__Bacteria;p__TM7;c__TM7-3;o__CW040;f__F16;g__	-0.119980057237996	0.915974886952583	-0.881226762456408	-2.89361250806149	5.85312071222055	-0.447108470646892	0.329756112835113	0.0929497153403376	0.24053117692356	0.149328606334817	0.329507551326644
k__Bacteria;p__TM7;c__TM7-3;o__I025;f__Rs-045;g__	-0.794917252314647	-0.733402697146692	-0.86045858982333	-0.235608613313214	4.57545597023	-0.0510430084584699	0.473170733841501	0.507020327655116	0.715125416931794	0.534371150771616	0.743552540456072
k__Bacteria;p__Tenericutes;c__Mollicutes;o__Acholeplasmatales;f__Acholeplasmataceae;g__Acholeplasma	-0.741888841341808	-0.648981376314117	-0.841296728451871	-0.278091570264721	4.52145827167066	-0.0619487484774113	0.466796877650434	0.51924533311951	0.709103569380725	0.521516837124237	0.735632944525241
k__Bacteria;p__Tenericutes;c__Mollicutes;o__Mycoplasmatales;f__Mycoplasmataceae;g__Mycoplasma	0.101571324111817	0.466107499345743	-0.354753659233745	-1.07566708644227	5.09139959429649	-0.190300278235289	0.404296882895044	0.397514135130159	0.606819074993744	0.402540788971966	0.628727814502123
k__Bacteria;p__Tenericutes;c__Mollicutes;o__RF39;f__;g__	-0.454851414989962	-0.114998899667688	-0.852881537110512	-1.37911151142818	5.58364605491055	-0.222641106447082	0.401367195656009	0.288616277996071	0.50084461455016	0.377925345074389	0.605584221763949
k__Bacteria;p__[Thermi];c__Deinococci;o__Deinococcales;f__Deinococcaceae;g__Deinococcus	-0.894739716246331	-0.879574080604169	-0.906856746081855	0.0474568626114316	4.30235841384914	0.0172200697982319	0.495117187888088	0.56299382074499	0.742118094906754	0.578260827704109	0.762834170858451
k__Bacteria;p__[Thermi];c__Deinococci;o__Deinococcales;f__Trueperaceae;g__Truepera	-0.815811711504117	-0.978647276557457	-0.613550933777284	0.474204938512587	4.54674565718959	0.0949456509900073	0.457031253440255	0.522796443093273	0.709074773330589	0.497115744102954	0.705861349798661
k__Bacteria;p__[Thermi];c__Deinococci;o__Thermales;f__Thermaceae;g__Meiothermus	-0.766740757295461	-0.98788549838748	-0.435017643052108	0.52178072658452	4.45142815779061	0.103397971460832	0.448242191657894	0.446115264354467	0.645033332062214	0.448522610137057	0.657316093806232
